PostId,PostUrl,PostEngagement,Platform,ChannelID,ChannelName,ChannelUid,ChannelUrl,ChannelEngagement,post_body_text,post_type_true_label,GoogleAudioText,VoskAudioText,EmbeddedContentText,published_at,post_data,post_media_urls,LikesCount,SharesCount,CommentsCount,ViewsCount,post_media_file,embedded_post_text,search_data
528452546,https://twitter.com/realDonaldTrump/status/1928797140408533377,,Twitter,14001198,Donald J. Trump,blank_for_now,blank_for_now,"{""follower_count"":105433744,""following_count"":53,""like_count"":null,""post_count"":59771,""views_count"":null,""comment_count"":null,""share_count"":null}",https://t.co/ttc8fsXNVF,multimedia, ,no longer populated,,2025-05-31T12:54:08.000Z,post data removed,https://www.junkipedia.org/rails/active_storage/blobs/redirect/eyJfcmFpbHMiOnsibWVzc2FnZSI6IkJBaHBCRi9WVFQ4PSIsImV4cCI6bnVsbCwicHVyIjoiYmxvYl9pZCJ9fQ==--ecc0a6a1666ee9623328d7f0f2338f959bdcba91/post-14001198-528452546-thumbnail,374413,52340,18280,13598142,,,
524629281,https://twitter.com/realDonaldTrump/status/1927090010353721796,,Twitter,14001198,Donald J. Trump,blank_for_now,blank_for_now,"{""follower_count"":105433386,""following_count"":53,""like_count"":null,""post_count"":59771,""views_count"":null,""comment_count"":null,""share_count"":null}",https://t.co/b19JtrkCiS,multimedia, ,no longer populated,,2025-05-26T19:50:36.000Z,post data removed,https://www.junkipedia.org/rails/active_storage/blobs/redirect/eyJfcmFpbHMiOnsibWVzc2FnZSI6IkJBaHBCUCtGeno0PSIsImV4cCI6bnVsbCwicHVyIjoiYmxvYl9pZCJ9fQ==--c0c6382c3af69372347c13abedc74763b7f97232/post-14001198-524629281-thumbnail,328895,46401,21163,30490858,,,
522872445,https://twitter.com/realDonaldTrump/status/1926281665929691590,,Twitter,14001198,Donald J. Trump,blank_for_now,blank_for_now,"{""follower_count"":105429848,""following_count"":53,""like_count"":null,""post_count"":59771,""views_count"":null,""comment_count"":null,""share_count"":null}",https://t.co/ymnea3Wf69,multimedia, ,no longer populated,,2025-05-24T14:18:32.000Z,post data removed,,120723,21960,12400,34815923,,,
520771899,https://twitter.com/realDonaldTrump/status/1925548216243703820,,Twitter,14001198,Donald J. Trump,blank_for_now,blank_for_now,"{""follower_count"":105430891,""following_count"":53,""like_count"":null,""post_count"":59771,""views_count"":null,""comment_count"":null,""share_count"":null}","‚ÄúTHE ONE, BIG, BEAUTIFUL BILL‚Äù has PASSED the House of Representatives! This is arguably the most significant piece of Legislation that will ever be signed in the History of our Country! The Bill includes MASSIVE Tax CUTS, No Tax on Tips, No Tax on Overtime, Tax Deductions when you purchase an American Made Vehicle, along with strong Border Security measures, Pay Raises for our ICE and Border Patrol Agents, Funding for the Golden Dome, ‚ÄúTRUMP Savings Accounts‚Äù for newborn babies, and much more! Great job by Speaker Mike Johnson, and the House Leadership, and thank you to every Republican who voted YES on this Historic Bill! Now, it‚Äôs time for our friends in the United States Senate to get to work, and send this Bill to my desk AS SOON AS POSSIBLE! There is no time to waste. The Democrats have lost control of themselves, and are aimlessly wandering around, showing no confidence, grit, or determination. They have forgotten their landslide loss in the Presidential Election, and are warped in the past, hoping someday to revive Open Borders for the World‚Äôs criminals to be able to pour into our Country, men to be able to play in women‚Äôs sports, and transgender for everybody. They don‚Äôt realize that these things, and so many more like them, will NEVER AGAIN happen!",text, ,no longer populated,,2025-05-22T13:44:04.000Z,post data removed,,360624,57659,39828,52727374,,,
519932850,https://twitter.com/realDonaldTrump/status/1925201677914603580,,Twitter,14001198,Donald J. Trump,blank_for_now,blank_for_now,"{""follower_count"":105421518,""following_count"":53,""like_count"":null,""post_count"":59771,""views_count"":null,""comment_count"":null,""share_count"":null}",https://t.co/ZuagVWL4KS,multimedia, ,no longer populated,,2025-05-21T14:47:03.000Z,post data removed,https://www.junkipedia.org/rails/active_storage/blobs/redirect/eyJfcmFpbHMiOnsibWVzc2FnZSI6IkJBaHBCSDZkTEQ0PSIsImV4cCI6bnVsbCwicHVyIjoiYmxvYl9pZCJ9fQ==--3f4fb9191100c9f6b694f5478b3121d933b31c0c/post-14001198-519932850-thumbnail,564321,71124,43222,81481354,,,
518404723,https://twitter.com/realDonaldTrump/status/1924523182909747657,,Twitter,14001198,Donald J. Trump,blank_for_now,blank_for_now,"{""follower_count"":105425379,""following_count"":53,""like_count"":null,""post_count"":59771,""views_count"":null,""comment_count"":null,""share_count"":null}",https://t.co/q5CPyHZkLD,multimedia, ,no longer populated,,2025-05-19T17:50:57.000Z,post data removed,https://www.junkipedia.org/rails/active_storage/blobs/redirect/eyJfcmFpbHMiOnsibWVzc2FnZSI6IkJBaHBCQUNKL0QwPSIsImV4cCI6bnVsbCwicHVyIjoiYmxvYl9pZCJ9fQ==--13f894e05b3c4c7639eb5cbc38d12edb4665e986/post-14001198-518404723-thumbnail,482757,68100,39372,58495269,,,
517096897,https://twitter.com/realDonaldTrump/status/1923793436068487574,,Twitter,14001198,Donald J. Trump,blank_for_now,blank_for_now,"{""follower_count"":105419130,""following_count"":53,""like_count"":null,""post_count"":59771,""views_count"":null,""comment_count"":null,""share_count"":null}",üá¶üá™üá∫üá∏ https://t.co/7fRFm4zCL5,both, ,no longer populated,,2025-05-17T17:31:12.000Z,post data removed,https://www.junkipedia.org/rails/active_storage/blobs/redirect/eyJfcmFpbHMiOnsibWVzc2FnZSI6IkJBaHBCT2tiMEQwPSIsImV4cCI6bnVsbCwicHVyIjoiYmxvYl9pZCJ9fQ==--66292c135a5e7f3dc2d5651e78b8e2bcf9b5df1b/post-14001198-517096897-thumbnail,196268,27917,14132,36029191,,,
517096863,https://twitter.com/realDonaldTrump/status/1923793069138178293,,Twitter,14001198,Donald J. Trump,blank_for_now,blank_for_now,"{""follower_count"":105419130,""following_count"":53,""like_count"":null,""post_count"":59771,""views_count"":null,""comment_count"":null,""share_count"":null}",üá∂üá¶üá∫üá∏ https://t.co/v1NwTQPWLO,both, ,no longer populated,,2025-05-17T17:29:44.000Z,post data removed,https://www.junkipedia.org/rails/active_storage/blobs/redirect/eyJfcmFpbHMiOnsibWVzc2FnZSI6IkJBaHBCSzRiMEQwPSIsImV4cCI6bnVsbCwicHVyIjoiYmxvYl9pZCJ9fQ==--fe435209f4be29de14f4f8ffcaf5a16e1cf846ab/post-14001198-517096863-thumbnail,332928,46557,14907,52434430,,,
517096839,https://twitter.com/realDonaldTrump/status/1923792625028497464,,Twitter,14001198,Donald J. Trump,blank_for_now,blank_for_now,"{""follower_count"":105432874,""following_count"":53,""like_count"":null,""post_count"":59771,""views_count"":null,""comment_count"":null,""share_count"":null}",üá∏üá¶üá∫üá∏ https://t.co/i5cRnVmaFv,both, ,no longer populated,,2025-05-17T17:27:58.000Z,post data removed,https://www.junkipedia.org/rails/active_storage/blobs/redirect/eyJfcmFpbHMiOnsibWVzc2FnZSI6IkJBaHBCSUliMEQwPSIsImV4cCI6bnVsbCwicHVyIjoiYmxvYl9pZCJ9fQ==--5e16e61f42d746f71ee8404d60cf12c3c3727a17/post-14001198-517096839-thumbnail,339414,49684,12587,47706426,,,
516224256,https://twitter.com/realDonaldTrump/status/1923432648103333919,,Twitter,14001198,Donald J. Trump,blank_for_now,blank_for_now,"{""follower_count"":105431699,""following_count"":53,""like_count"":null,""post_count"":59771,""views_count"":null,""comment_count"":null,""share_count"":null}","THE SUPREME COURT IS BEING PLAYED BY THE RADICAL LEFT LOSERS, WHO HAVE NO SUPPORT, THE PUBLIC HATES THEM, AND THEIR ONLY HOPE IS THE INTIMIDATION OF THE COURT, ITSELF. WE CAN‚ÄôT LET THAT HAPPEN TO OUR COUNTRY!",text, ,no longer populated,,2025-05-16T17:37:33.000Z,post data removed,,338502,53140,33299,50561696,,,
516211192,https://twitter.com/realDonaldTrump/status/1923427418913616200,,Twitter,14001198,Donald J. Trump,blank_for_now,blank_for_now,"{""follower_count"":105427511,""following_count"":53,""like_count"":null,""post_count"":59771,""views_count"":null,""comment_count"":null,""share_count"":null}","Republicans MUST UNITE behind, ‚ÄúTHE ONE, BIG BEAUTIFUL BILL!‚Äù Not only does it cut Taxes for ALL Americans, but it will kick millions of Illegal Aliens off of Medicaid to PROTECT it for those who are the ones in real need. The Country will suffer greatly without this Legislation, with their Taxes going up 65%. It will be blamed on the Democrats, but that doesn‚Äôt help our Voters. We don‚Äôt need ‚ÄúGRANDSTANDERS‚Äù in the Republican Party. STOP TALKING, AND GET IT DONE! It is time to fix the MESS that Biden and the Democrats gave us. Thank you for your attention to this matter!",text, ,no longer populated,,2025-05-16T17:16:46.000Z,post data removed,,243838,43266,19294,35295068,,,
513601932,https://twitter.com/realDonaldTrump/status/1922347924987474196,,Twitter,14001198,Donald J. Trump,blank_for_now,blank_for_now,"{""follower_count"":105419130,""following_count"":53,""like_count"":null,""post_count"":59771,""views_count"":null,""comment_count"":null,""share_count"":null}",https://t.co/DskIpIscnd,multimedia, ,no longer populated,,2025-05-13T17:47:15.000Z,post data removed,,151549,31086,16052,31833601,,,
512311644,https://twitter.com/realDonaldTrump/status/1921911904429088892,,Twitter,14001198,Donald J. Trump,blank_for_now,blank_for_now,"{""follower_count"":105419130,""following_count"":53,""like_count"":null,""post_count"":59771,""views_count"":null,""comment_count"":null,""share_count"":null}",https://t.co/9uLRtPVKpp,multimedia, ,no longer populated,,2025-05-12T12:54:40.000Z,post data removed,https://www.junkipedia.org/rails/active_storage/blobs/redirect/eyJfcmFpbHMiOnsibWVzc2FnZSI6IkJBaHBCSXQyUUQwPSIsImV4cCI6bnVsbCwicHVyIjoiYmxvYl9pZCJ9fQ==--03997a7bff4c871648f0a9ab5c597b28e11b1c71/post-14001198-512311644-thumbnail,464665,57972,27991,939639,,,
512311652,https://twitter.com/realDonaldTrump/status/1921911844026954234,,Twitter,14001198,Donald J. Trump,blank_for_now,blank_for_now,"{""follower_count"":105424747,""following_count"":53,""like_count"":null,""post_count"":59771,""views_count"":null,""comment_count"":null,""share_count"":null}",https://t.co/1Y5vg9zbEx,multimedia, ,no longer populated,,2025-05-12T12:54:25.000Z,post data removed,https://www.junkipedia.org/rails/active_storage/blobs/redirect/eyJfcmFpbHMiOnsibWVzc2FnZSI6IkJBaHBCSmgyUUQwPSIsImV4cCI6bnVsbCwicHVyIjoiYmxvYl9pZCJ9fQ==--2f3a8bbf6583272ed989868ad118050bdfddb3f1/post-14001198-512311652-thumbnail,289738,41489,27435,51623255,,,
511840058,https://twitter.com/realDonaldTrump/status/1921699954696855934,,Twitter,14001198,Donald J. Trump,blank_for_now,blank_for_now,"{""follower_count"":105419130,""following_count"":53,""like_count"":null,""post_count"":59771,""views_count"":null,""comment_count"":null,""share_count"":null}",https://t.co/ifaRjPPHvv,multimedia, ,no longer populated,,2025-05-11T22:52:27.000Z,post data removed,https://www.junkipedia.org/rails/active_storage/blobs/redirect/eyJfcmFpbHMiOnsibWVzc2FnZSI6IkJBaHBCQm0yTWowPSIsImV4cCI6bnVsbCwicHVyIjoiYmxvYl9pZCJ9fQ==--afd9fe58e4c797d4eac045d75d17ff7726947e8e/post-14001198-511840058-thumbnail,368191,46087,17345,48250793,,,
510609261,https://twitter.com/realDonaldTrump/status/1921174163848401313,,Twitter,14001198,Donald J. Trump,blank_for_now,blank_for_now,"{""follower_count"":105429205,""following_count"":53,""like_count"":null,""post_count"":59771,""views_count"":null,""comment_count"":null,""share_count"":null}",https://t.co/lRPhZpugBV,, ,no longer populated,,2025-05-10T12:03:09.000Z,post data removed,https://www.junkipedia.org/rails/active_storage/blobs/redirect/eyJfcmFpbHMiOnsibWVzc2FnZSI6IkJBaHBCUDBMRGowPSIsImV4cCI6bnVsbCwicHVyIjoiYmxvYl9pZCJ9fQ==--fe6341b2e3bb8a11eaea1065e36395bd0a9017ca/post-14001198-510609261-thumbnail,1029701,126853,126449,132286432,,,
510259861,https://twitter.com/realDonaldTrump/status/1921008311492624867,,Twitter,14001198,Donald J. Trump,blank_for_now,blank_for_now,"{""follower_count"":105430837,""following_count"":53,""like_count"":null,""post_count"":59771,""views_count"":null,""comment_count"":null,""share_count"":null}","Today, I signed an Executive Order to launch the first-ever self-deportation program. Illegal aliens who stay in America face punishments, including‚Äîsudden deportation, in a place and manner solely of our discretion. TO ALL ILLEGAL ALIENS: BOOK YOUR FREE FLIGHT RIGHT NOW! https://t.co/LO4eyfhZOq",both, ,no longer populated,,2025-05-10T01:04:06.000Z,post data removed,https://www.junkipedia.org/rails/active_storage/blobs/redirect/eyJfcmFpbHMiOnsibWVzc2FnZSI6IkJBaHBCSzVYQWowPSIsImV4cCI6bnVsbCwicHVyIjoiYmxvYl9pZCJ9fQ==--4aca42bb6e974aa71f66df48116d378872020997/post-14001198-510259861-thumbnail,492126,75653,30406,72240569,,,
509261860,https://twitter.com/realDonaldTrump/status/1920670100987740317,,Twitter,14001198,Donald J. Trump,blank_for_now,blank_for_now,"{""follower_count"":105419130,""following_count"":53,""like_count"":null,""post_count"":59771,""views_count"":null,""comment_count"":null,""share_count"":null}",üá∫üá∏üá¨üáß https://t.co/rGKLly0JtS,multimedia, ,no longer populated,,2025-05-09T02:40:11.000Z,post data removed,https://www.junkipedia.org/rails/active_storage/blobs/redirect/eyJfcmFpbHMiOnsibWVzc2FnZSI6IkJBaHBCR3p5NUR3PSIsImV4cCI6bnVsbCwicHVyIjoiYmxvYl9pZCJ9fQ==--744e832023951b03b6aa40f6338f11a7f0e89abd/post-14001198-509261860-thumbnail,297307,35848,13773,49849319,,,
508672702,https://twitter.com/realDonaldTrump/status/1920519130941170088,,Twitter,14001198,Donald J. Trump,blank_for_now,blank_for_now,"{""follower_count"":105419130,""following_count"":53,""like_count"":null,""post_count"":59771,""views_count"":null,""comment_count"":null,""share_count"":null}",https://t.co/0sUAawNN8S,, ,no longer populated,,2025-05-08T16:40:16.000Z,post data removed,,101122,19188,8856,345002,,,
508722986,https://twitter.com/realDonaldTrump/status/1920412577470795798,,Twitter,14001198,Donald J. Trump,blank_for_now,blank_for_now,"{""follower_count"":105419130,""following_count"":53,""like_count"":null,""post_count"":59771,""views_count"":null,""comment_count"":null,""share_count"":null}",RT @nypost: Democratic Rep. Jasmine Crockett accused of ‚Äòabusing her power‚Äô at airport after she cut passengers in wheelchairs https://t.co‚Ä¶,both, ,no longer populated,Democratic Rep. Jasmine Crockett accused of ‚Äòabusing her power‚Äô at airport after she cut passengers in wheelchairs https://t.co/b3dlA5LVIS https://t.co/R7kPGl7FWY,2025-05-08T09:36:52.000Z,post data removed,,0,5276,0,1033,,Democratic Rep. Jasmine Crockett accused of ‚Äòabusing her power‚Äô at airport after she cut passengers in wheelchairs https://t.co/b3dlA5LVIS https://t.co/R7kPGl7FWY,
507418350,https://twitter.com/realDonaldTrump/status/1919944872020127980,,Twitter,14001198,Donald J. Trump,blank_for_now,blank_for_now,"{""follower_count"":105403971,""following_count"":53,""like_count"":null,""post_count"":59771,""views_count"":null,""comment_count"":null,""share_count"":null}",https://t.co/44glnqT0VM,, ,no longer populated,,2025-05-07T02:38:22.000Z,post data removed,https://www.junkipedia.org/rails/active_storage/blobs/redirect/eyJfcmFpbHMiOnsibWVzc2FnZSI6IkJBaHBCQWRsclR3PSIsImV4cCI6bnVsbCwicHVyIjoiYmxvYl9pZCJ9fQ==--e51f00f13b12e864aab6a021ea86b119a2b80269/post-14001198-507418350-thumbnail,219767,30130,18084,39072227,,,
506206171,https://twitter.com/realDonaldTrump/status/1919447302982299811,,Twitter,14001198,Donald J. Trump,blank_for_now,blank_for_now,"{""follower_count"":105418958,""following_count"":53,""like_count"":null,""post_count"":59771,""views_count"":null,""comment_count"":null,""share_count"":null}",https://t.co/JgZKhj4K1Z,, ,no longer populated,,2025-05-05T17:41:13.000Z,post data removed,,62529,11922,8132,21306113,,,
506121897,https://twitter.com/realDonaldTrump/status/1919420490663288913,,Twitter,14001198,Donald J. Trump,blank_for_now,blank_for_now,"{""follower_count"":105411276,""following_count"":53,""like_count"":null,""post_count"":59771,""views_count"":null,""comment_count"":null,""share_count"":null}","This was so wonderful, 9 years ago today!",text, ,no longer populated,Happy #CincoDeMayo! The best taco bowls are made in Trump Tower Grill. I love Hispanics! https://t.co/ufoTeQd8yA https://t.co/k01Mc6CuDI,2025-05-05T15:54:40.000Z,post data removed,,376798,32086,17143,69747236,,Happy #CincoDeMayo! The best taco bowls are made in Trump Tower Grill. I love Hispanics! https://t.co/ufoTeQd8yA https://t.co/k01Mc6CuDI,
506107425,https://twitter.com/realDonaldTrump/status/1919398681423299068,,Twitter,14001198,Donald J. Trump,blank_for_now,blank_for_now,"{""follower_count"":105427694,""following_count"":53,""like_count"":null,""post_count"":59771,""views_count"":null,""comment_count"":null,""share_count"":null}",https://t.co/EejkjieL01,, ,no longer populated,,2025-05-05T14:28:01.000Z,post data removed,https://www.junkipedia.org/rails/active_storage/blobs/redirect/eyJfcmFpbHMiOnsibWVzc2FnZSI6IkJBaHBCUC9KaER3PSIsImV4cCI6bnVsbCwicHVyIjoiYmxvYl9pZCJ9fQ==--ca25c66beff5ce357d75dbe24c134d910e9bee67/post-14001198-506107425-thumbnail,157330,25785,6246,32741009,,,
506088750,https://twitter.com/realDonaldTrump/status/1919397513032790522,,Twitter,14001198,Donald J. Trump,blank_for_now,blank_for_now,"{""follower_count"":105411447,""following_count"":53,""like_count"":null,""post_count"":59771,""views_count"":null,""comment_count"":null,""share_count"":null}",https://t.co/dZONBuFjpB,, ,no longer populated,,2025-05-05T14:23:22.000Z,post data removed,https://www.junkipedia.org/rails/active_storage/blobs/redirect/eyJfcmFpbHMiOnsibWVzc2FnZSI6IkJBaHBCTEVoaER3PSIsImV4cCI6bnVsbCwicHVyIjoiYmxvYl9pZCJ9fQ==--fe4d19dbf80851ea5d705e1560f27f743bffd71e/post-14001198-506088750-thumbnail,130439,22063,4954,21810667,,,
506079262,https://twitter.com/realDonaldTrump/status/1919396921593958754,,Twitter,14001198,Donald J. Trump,blank_for_now,blank_for_now,"{""follower_count"":105419259,""following_count"":53,""like_count"":null,""post_count"":59771,""views_count"":null,""comment_count"":null,""share_count"":null}","The Democrats are really out of control. They have lost everything, especially their minds! These Radical Left Lunatics are into the ‚ÄúImpeachment thing‚Äù again. They have already got two ‚ÄúNo Name,‚Äù little respected Congressmen, total Whackjobs both, throwing the ‚ÄúImpeachment‚Äù of DONALD J. TRUMP around, for about the 20th time, even though they have no idea for what I would be Impeached. Maybe it should be for cleaning up the MESS that they left us on the Border, or the Highest Inflation in our Country‚Äôs History or, perhaps, it should be the incompetent Withdrawal from Afghanistan, or Russia, Russia, Russia/Ukraine, Ukraine, Ukraine, or the Attack of Israel on October 7th that only proceeded because they allowed Iran to regain Great Wealth. These Congressmen stated that, they didn‚Äôt know why they would Impeach me but, ‚ÄúWe just want to do it.‚Äù The Republicans should start to think about expelling them from Congress for all of the crimes that they have committed, especially around Election time(s). These are very dishonest people that won‚Äôt let our Country heal! Why do we allow them to continuously use Impeachment as a weapon against the President of the United States who, by all accounts, is working hard to SAVE OUR COUNTRY. It‚Äôs the same playbook that they used in my First Term, and Republicans are not going to allow them to get away with it again. These are total LOWLIFES, who hate our Country, and everything it stands for. Perhaps we should start playing this game on them, and expel Democrats for the many crimes that they have committed ‚Äî And these are REAL crimes. Remember, ‚ÄúShifty‚Äù Adam Schiff demanded a Pardon, and they had to use the power of the Auto Pen, and a Full Pardon, for him and the Unselect Committee of Political Thugs, to save them from Expulsion, and probably worse!",text, ,no longer populated,,2025-05-05T14:21:01.000Z,post data removed,,216504,36707,18654,36473107,,,
506088663,https://twitter.com/realDonaldTrump/status/1919395973802897676,,Twitter,14001198,Donald J. Trump,blank_for_now,blank_for_now,"{""follower_count"":105420105,""following_count"":53,""like_count"":null,""post_count"":59771,""views_count"":null,""comment_count"":null,""share_count"":null}","REBUILD, AND OPEN ALCATRAZ! For too long, America has been plagued by vicious, violent, and repeat Criminal Offenders, the dregs of society, who will never contribute anything other than Misery and Suffering. When we were a more serious Nation, in times past, we did not hesitate to lock up the most dangerous criminals, and keep them far away from anyone they could harm. That‚Äôs the way it‚Äôs supposed to be. No longer will we tolerate these Serial Offenders who spread filth, bloodshed, and mayhem on our streets. That is why, today, I am directing the Bureau of Prisons, together with the Department of Justice, FBI, and Homeland Security, to reopen a substantially enlarged and rebuilt ALCATRAZ, to house America‚Äôs most ruthless and violent Offenders. We will no longer be held hostage to criminals, thugs, and Judges that are afraid to do their job and allow us to remove criminals, who came into our Country illegally. The reopening of ALCATRAZ will serve as a symbol of Law, Order, and JUSTICE. We will, MAKE AMERICA GREAT AGAIN!",text, ,no longer populated,,2025-05-05T14:17:15.000Z,post data removed,https://www.junkipedia.org/rails/active_storage/blobs/redirect/eyJfcmFpbHMiOnsibWVzc2FnZSI6IkJBaHBCTVFnaER3PSIsImV4cCI6bnVsbCwicHVyIjoiYmxvYl9pZCJ9fQ==--4efd821c9ef31ffc71ae350074a2a242a2271bad/post-14001198-506088663-thumbnail,259968,41949,24843,34185380,,,
506121884,https://twitter.com/realDonaldTrump/status/1919395751030923738,,Twitter,14001198,Donald J. Trump,blank_for_now,blank_for_now,"{""follower_count"":105396717,""following_count"":53,""like_count"":null,""post_count"":59771,""views_count"":null,""comment_count"":null,""share_count"":null}",https://t.co/omDhYkn2PN,, ,no longer populated,,2025-05-05T14:16:22.000Z,post data removed,https://www.junkipedia.org/rails/active_storage/blobs/redirect/eyJfcmFpbHMiOnsibWVzc2FnZSI6IkJBaHBCS1pGaFR3PSIsImV4cCI6bnVsbCwicHVyIjoiYmxvYl9pZCJ9fQ==--cb3938ff8fbe53913bb72756151268fd0d99d51c/post-14001198-506121884-thumbnail,242059,28970,17367,39652879,,,
503108741,https://twitter.com/realDonaldTrump/status/1918125229420732456,,Twitter,14001198,Donald J. Trump,blank_for_now,blank_for_now,"{""follower_count"":105399230,""following_count"":53,""like_count"":null,""post_count"":59771,""views_count"":null,""comment_count"":null,""share_count"":null}",https://t.co/IDaLzWW3H5,, ,no longer populated,,2025-05-02T02:07:46.000Z,post data removed,https://www.junkipedia.org/rails/active_storage/blobs/redirect/eyJfcmFpbHMiOnsibWVzc2FnZSI6IkJBaHBCQ3NBSXp3PSIsImV4cCI6bnVsbCwicHVyIjoiYmxvYl9pZCJ9fQ==--b4e34b2f3d30fe9c6152f17d17ead305232caa94/post-14001198-503108741-thumbnail,181198,34087,16211,166119,,,
503108759,https://twitter.com/realDonaldTrump/status/1918125161058058627,,Twitter,14001198,Donald J. Trump,blank_for_now,blank_for_now,"{""follower_count"":104856972,""following_count"":53,""like_count"":null,""post_count"":59762,""views_count"":null,""comment_count"":null,""share_count"":null}",https://t.co/30CHzvOXUY,, ,no longer populated,,2025-05-02T02:07:30.000Z,post data removed,https://www.junkipedia.org/rails/active_storage/blobs/redirect/eyJfcmFpbHMiOnsibWVzc2FnZSI6IkJBaHBCRjBBSXp3PSIsImV4cCI6bnVsbCwicHVyIjoiYmxvYl9pZCJ9fQ==--b00c6c0b7d584c00e5b9de1ecc803c286ac6aaf0/post-14001198-503108759-thumbnail,181499,41102,9661,26615821,,,
499055758,https://twitter.com/realDonaldTrump/status/1916861996021989540,,Twitter,14001198,Donald J. Trump,blank_for_now,blank_for_now,"{""follower_count"":105387307,""following_count"":53,""like_count"":null,""post_count"":59770,""views_count"":null,""comment_count"":null,""share_count"":null}","Join me tomorrow, April 29th‚Äîin Warren, Michigan at 6:00PM Eastern! https://t.co/TptdFccVat",both, ,no longer populated,,2025-04-28T14:28:08.000Z,post data removed,https://www.junkipedia.org/rails/active_storage/blobs/redirect/eyJfcmFpbHMiOnsibWVzc2FnZSI6IkJBaHBCQXFPbkRzPSIsImV4cCI6bnVsbCwicHVyIjoiYmxvYl9pZCJ9fQ==--e96da22dd3d3c86a821744eff7ce4a862e23872c/post-14001198-499055758-thumbnail,116472,22147,18896,34996423,,,
495797930,https://twitter.com/realDonaldTrump/status/1915192938537111835,,Twitter,14001198,Donald J. Trump,blank_for_now,blank_for_now,"{""follower_count"":104802747,""following_count"":53,""like_count"":null,""post_count"":59759,""views_count"":null,""comment_count"":null,""share_count"":null}",RT @johnrich: A conversation about online child predators with Homeland Security and John Rich: PLS Repost! https://t.co/zChy4K5HQU,both, ,no longer populated,A conversation about online child predators with Homeland Security and John Rich: PLS Repost! https://t.co/zChy4K5HQU,2025-04-23T23:55:53.000Z,post data removed,,0,10596,0,358,,A conversation about online child predators with Homeland Security and John Rich: PLS Repost! https://t.co/zChy4K5HQU,
490186571,https://twitter.com/realDonaldTrump/status/1913359413215142354,,Twitter,14001198,Donald J. Trump,blank_for_now,blank_for_now,"{""follower_count"":105394203,""following_count"":53,""like_count"":null,""post_count"":59770,""views_count"":null,""comment_count"":null,""share_count"":null}","Sleepy Joe Biden, THE WORST PRESIDENT IN THE HISTORY OF THE UNITED STATES, has allowed millions and millions of Criminals, many of them murderers, drug dealers, and people released from prisons and mental institutions from all around the world, to enter our Country through it‚Äôs very dangerous and ill conceived Open Border. Sorry, but it‚Äôs my job to get these killers and thugs out of here. THAT‚ÄôS WHAT I GOT ELECTED TO DO. MAGA!",text, ,no longer populated,,2025-04-18T22:30:07.000Z,post data removed,,390468,56888,60242,76186127,,,
490143158,https://twitter.com/realDonaldTrump/status/1913359035132158083,,Twitter,14001198,Donald J. Trump,blank_for_now,blank_for_now,"{""follower_count"":105404096,""following_count"":53,""like_count"":null,""post_count"":59771,""views_count"":null,""comment_count"":null,""share_count"":null}","Following my Day One Executive Order, the Office of Personnel Management will be issuing new Civil Service Regulations for career government employees. Moving forward, career government employees, working on policy matters, will be classified as ‚ÄúSchedule Policy/Career,‚Äù and will be held to the highest standards of conduct and performance. If these government workers refuse to advance the policy interests of the President, or are engaging in corrupt behavior, they should no longer have a job. This is common sense, and will allow the federal government to finally be ‚Äúrun like a business.‚Äù We must root out corruption and implement accountability in our Federal Workforce!",text, ,no longer populated,,2025-04-18T22:28:37.000Z,post data removed,,203324,34929,17682,49106214,,,
490119049,https://twitter.com/realDonaldTrump/status/1913358867708493982,,Twitter,14001198,Donald J. Trump,blank_for_now,blank_for_now,"{""follower_count"":105426850,""following_count"":53,""like_count"":null,""post_count"":59771,""views_count"":null,""comment_count"":null,""share_count"":null}","This is the hand of the man that the Democrats feel should be brought back to the United States, because he is such ‚Äúa fine and innocent person.‚Äù They said he is not a member of MS-13, even though he‚Äôs got MS-13 tattooed onto his knuckles, and two Highly Respected Courts found that he was a member of MS-13, beat up his wife, etc. I was elected to take bad people out of the United States, among other things. I must be allowed to do my job. MAKE AMERICA GREAT AGAIN!",text, ,no longer populated,,2025-04-18T22:27:57.000Z,post data removed,https://www.junkipedia.org/rails/active_storage/blobs/redirect/eyJfcmFpbHMiOnsibWVzc2FnZSI6IkJBaHBCTWlHZXpvPSIsImV4cCI6bnVsbCwicHVyIjoiYmxvYl9pZCJ9fQ==--77d98ba96ed8c3c40587b165382e2c50ed726da4/post-14001198-490119049-thumbnail,494509,82065,41177,80227822,,,
488331876,https://twitter.com/realDonaldTrump/status/1912502477359894605,,Twitter,14001198,Donald J. Trump,blank_for_now,blank_for_now,"{""follower_count"":105135174,""following_count"":53,""like_count"":null,""post_count"":59768,""views_count"":null,""comment_count"":null,""share_count"":null}",https://t.co/Y6OFeGKS4l,, ,no longer populated,,2025-04-16T13:44:57.000Z,post data removed,https://www.junkipedia.org/rails/active_storage/blobs/redirect/eyJfcmFpbHMiOnsibWVzc2FnZSI6IkJBaHBCSDIzUHpvPSIsImV4cCI6bnVsbCwicHVyIjoiYmxvYl9pZCJ9fQ==--89f9c099088afa4b7fb0b5c3fb732cf3625bb7c7/post-14001198-488331876-thumbnail,155403,23871,19534,41083422,,,
479993920,https://twitter.com/realDonaldTrump/status/1909258878035828788,,Twitter,14001198,Donald J. Trump,blank_for_now,blank_for_now,"{""follower_count"":105416061,""following_count"":53,""like_count"":null,""post_count"":59771,""views_count"":null,""comment_count"":null,""share_count"":null}","The United States has a chance to do something that should have been done DECADES AGO. Don‚Äôt be Weak! Don‚Äôt be Stupid! Don‚Äôt be a PANICAN (A new party based on Weak and Stupid people!). Be Strong, Courageous, and Patient, and GREATNESS will be the result!",text, ,no longer populated,,2025-04-07T14:56:03.000Z,post data removed,,506263,73193,69281,94085571,,,
480012052,https://twitter.com/realDonaldTrump/status/1909258777380974625,,Twitter,14001198,Donald J. Trump,blank_for_now,blank_for_now,"{""follower_count"":105421294,""following_count"":53,""like_count"":null,""post_count"":59771,""views_count"":null,""comment_count"":null,""share_count"":null}","Oil prices are down, interest rates are down (the slow moving Fed should cut rates!), food prices are down, there is NO INFLATION, and the long time abused USA is bringing in Billions of Dollars a week from the abusing countries on Tariffs that are already in place. This is despite the fact that the biggest abuser of them all, China, whose markets are crashing, just raised its Tariffs by 34%, on top of its long term ridiculously high Tariffs (Plus!), not acknowledging my warning for abusing countries not to retaliate. They‚Äôve made enough, for decades, taking advantage of the Good OL‚Äô USA! Our past ‚Äúleaders‚Äù are to blame for allowing this, and so much else, to happen to our Country. MAKE AMERICA GREAT AGAIN!",, ,no longer populated,,2025-04-07T14:55:39.000Z,post data removed,,504679,69707,55623,108311996,,,
477747981,https://twitter.com/realDonaldTrump/status/1908300360810479821,,Twitter,14001198,Donald J. Trump,blank_for_now,blank_for_now,"{""follower_count"":105420105,""following_count"":53,""like_count"":null,""post_count"":59771,""views_count"":null,""comment_count"":null,""share_count"":null}","These Houthis gathered for instructions on an attack. Oops, there will be no attack by these Houthis!¬†

They will never sink our ships again! https://t.co/lEzfyDgWP5",both, ,no longer populated,,2025-04-04T23:27:15.000Z,post data removed,https://www.junkipedia.org/rails/active_storage/blobs/redirect/eyJfcmFpbHMiOnsibWVzc2FnZSI6IkJBaHBCREFwdnprPSIsImV4cCI6bnVsbCwicHVyIjoiYmxvYl9pZCJ9fQ==--f53b05e0515e1c6455d306744bed4c1f28f77e03/post-14001198-477747981-thumbnail,478719,62039,73357,140218023,,,
476149023,https://twitter.com/realDonaldTrump/status/1907782254572470670,,Twitter,14001198,Donald J. Trump,blank_for_now,blank_for_now,"{""follower_count"":105416686,""following_count"":53,""like_count"":null,""post_count"":59771,""views_count"":null,""comment_count"":null,""share_count"":null}",https://t.co/ZoSf5TdLqo,, ,no longer populated,,2025-04-03T13:08:29.000Z,post data removed,https://www.junkipedia.org/rails/active_storage/blobs/redirect/eyJfcmFpbHMiOnsibWVzc2FnZSI6IkJBaHBCSHBQd3prPSIsImV4cCI6bnVsbCwicHVyIjoiYmxvYl9pZCJ9fQ==--717f398047fd3c3d8992e32b8f8306a321671df2/post-14001198-476149023-thumbnail,184641,32225,27034,39187689,,,
474914202,https://twitter.com/realDonaldTrump/status/1907525286150754745,,Twitter,14001198,Donald J. Trump,blank_for_now,blank_for_now,"{""follower_count"":104866146,""following_count"":53,""like_count"":null,""post_count"":59765,""views_count"":null,""comment_count"":null,""share_count"":null}",https://t.co/CdTzF2sfMZ,, ,no longer populated,,2025-04-02T20:07:22.000Z,post data removed,,120899,24159,14163,40812737,,,
474859548,https://twitter.com/realDonaldTrump/status/1907459922113028104,,Twitter,14001198,Donald J. Trump,blank_for_now,blank_for_now,"{""follower_count"":105144832,""following_count"":53,""like_count"":null,""post_count"":59768,""views_count"":null,""comment_count"":null,""share_count"":null}",https://t.co/k8Eh7B8fq3,, ,no longer populated,,2025-04-02T15:47:38.000Z,post data removed,https://www.junkipedia.org/rails/active_storage/blobs/redirect/eyJfcmFpbHMiOnsibWVzc2FnZSI6IkJBaHBCTmpOd0RrPSIsImV4cCI6bnVsbCwicHVyIjoiYmxvYl9pZCJ9fQ==--0983b1f5c4a6e5f7668ff2dcef523b0bdca925b8/post-14001198-474859548-thumbnail,159228,30009,12828,45684623,,,
474754823,https://twitter.com/realDonaldTrump/status/1907428426648023398,,Twitter,14001198,Donald J. Trump,blank_for_now,blank_for_now,"{""follower_count"":105395376,""following_count"":53,""like_count"":null,""post_count"":59770,""views_count"":null,""comment_count"":null,""share_count"":null}",https://t.co/RPXb6Y9E6y,, ,no longer populated,,2025-04-02T13:42:29.000Z,post data removed,https://www.junkipedia.org/rails/active_storage/blobs/redirect/eyJfcmFpbHMiOnsibWVzc2FnZSI6IkJBaHBCRnlvd0RrPSIsImV4cCI6bnVsbCwicHVyIjoiYmxvYl9pZCJ9fQ==--459fed7768e817dc2c2e1d244253394f11865247/post-14001198-474754823-thumbnail,379862,47488,38872,70588,,,
474365321,https://twitter.com/realDonaldTrump/status/1907174400144589035,,Twitter,14001198,Donald J. Trump,blank_for_now,blank_for_now,"{""follower_count"":105049998,""following_count"":53,""like_count"":null,""post_count"":59766,""views_count"":null,""comment_count"":null,""share_count"":null}","REPUBLICANS MUST DEFUND AND TOTALLY DISASSOCIATE THEMSELVES FROM NPR &amp; PBS, THE RADICAL LEFT ‚ÄúMONSTERS‚Äù THAT SO BADLY HURT OUR COUNTRY!",, ,no longer populated,,2025-04-01T20:53:05.000Z,post data removed,,263643,39107,22360,65913388,,,
473236786,https://twitter.com/realDonaldTrump/status/1906780985888522694,,Twitter,14001198,Donald J. Trump,blank_for_now,blank_for_now,"{""follower_count"":105421294,""following_count"":53,""like_count"":null,""post_count"":59771,""views_count"":null,""comment_count"":null,""share_count"":null}","The Iran-backed Houthi Terrorists have been decimated by the relentless strikes over the past two weeks. Many of their Fighters and Leaders are no longer with us. We hit them every day and night ‚Äî Harder and harder. Their capabilities that threaten Shipping and the Region are rapidly being destroyed. Our attacks will continue until they are no longer a threat to Freedom of Navigation. The choice for the Houthis is clear: Stop shooting at U.S. ships, and we will stop shooting at you. Otherwise, we have only just begun, and the real pain is yet to come, for both the Houthis and their sponsors in Iran.",, ,no longer populated,,2025-03-31T18:49:47.000Z,post data removed,,267150,39885,24409,65710831,,,
473175316,https://twitter.com/realDonaldTrump/status/1906780813204836475,,Twitter,14001198,Donald J. Trump,blank_for_now,blank_for_now,"{""follower_count"":105070508,""following_count"":53,""like_count"":null,""post_count"":59766,""views_count"":null,""comment_count"":null,""share_count"":null}","There will never have been a transformation of a Country like the transformation that is happening, for all to see, in the United States of America. Companies are pouring into our Country at levels never seen before, with Jobs (and Money!) to follow. It is a beautiful thing to watch!",, ,no longer populated,,2025-03-31T18:49:06.000Z,post data removed,,367046,51424,36865,74371979,,,
473263035,https://twitter.com/realDonaldTrump/status/1906780560141250562,,Twitter,14001198,Donald J. Trump,blank_for_now,blank_for_now,"{""follower_count"":105049998,""following_count"":53,""like_count"":null,""post_count"":59766,""views_count"":null,""comment_count"":null,""share_count"":null}","In two months, there has been more Private Investment spoken for, and/or committed to, than in four years of the Sleepy Joe Biden Administration ‚Äî A fact that the Fake News hates talking about!",, ,no longer populated,,2025-03-31T18:48:06.000Z,post data removed,,177254,24797,10144,52299486,,,
472723455,https://twitter.com/realDonaldTrump/status/1906772680805646368,,Twitter,14001198,Donald J. Trump,blank_for_now,blank_for_now,"{""follower_count"":105429688,""following_count"":53,""like_count"":null,""post_count"":59771,""views_count"":null,""comment_count"":null,""share_count"":null}","Thank you President Bukele, of El Salvador, for taking the criminals that were so stupidly allowed, by the Crooked Joe Biden Administration, to enter our Country, and giving them such a wonderful place to live!",, ,no longer populated,"Last night, in a joint military operation with our allies from the United States, we transferred 17 extremely dangerous criminals linked to Tren de Aragua and MS-13.

All individuals are confirmed murderers and high-profile offenders, including six child rapists.

This operation is another step in the fight against terrorism and organized crime.",2025-03-31T18:16:47.000Z,post data removed,,360150,58343,13163,64352158,,"Last night, in a joint military operation with our allies from the United States, we transferred 17 extremely dangerous criminals linked to Tren de Aragua and MS-13.

All individuals are confirmed murderers and high-profile offenders, including six child rapists.

This operation is another step in the fight against terrorism and organized crime.",
472371758,https://twitter.com/realDonaldTrump/status/1906701492192420117,,Twitter,14001198,Donald J. Trump,blank_for_now,blank_for_now,"{""follower_count"":104897254,""following_count"":53,""like_count"":null,""post_count"":59765,""views_count"":null,""comment_count"":null,""share_count"":null}",https://t.co/PRHm1dTtSX,, ,no longer populated,,2025-03-31T13:33:55.000Z,post data removed,https://www.junkipedia.org/rails/active_storage/blobs/redirect/eyJfcmFpbHMiOnsibWVzc2FnZSI6IkJBaHBCQzB5emprPSIsImV4cCI6bnVsbCwicHVyIjoiYmxvYl9pZCJ9fQ==--5b0fc7297e38ba346c9564c4709de1ed5781e401/post-14001198-472371758-thumbnail,124724,22845,11767,38323084,,,
471933685,https://twitter.com/realDonaldTrump/status/1906700623615078744,,Twitter,14001198,Donald J. Trump,blank_for_now,blank_for_now,"{""follower_count"":105414257,""following_count"":53,""like_count"":null,""post_count"":59771,""views_count"":null,""comment_count"":null,""share_count"":null}","America First Patriot Randy Fine is running to represent the Wonderful People of Florida‚Äôs 6th Congressional District! A highly successful, Harvard educated businessman, and greatly respected State Legislator, Randy has been a tremendous Voice for MAGA. In Congress, Randy will be an incredible fighter, who will work tirelessly with me to Strengthen our Economy, Lower Taxes, Secure the Border, Champion our Military/Vets, Ensure American Energy DOMINANCE, Protect our always under siege Second Amendment, and Advance PEACE THROUGH STRENGTH.
¬†
Randy Fine has my Complete and Total Endorsement! Election Day is this Tuesday, April 1st. GET OUT AND VOTE FOR RANDY ‚Äî¬†HE WILL NOT LET YOU DOWN! https://t.co/3Bnn5ZweH2",both, ,no longer populated,,2025-03-31T13:30:28.000Z,post data removed,,104918,21204,10100,64007987,,,
472118044,https://twitter.com/realDonaldTrump/status/1906700533240680783,,Twitter,14001198,Donald J. Trump,blank_for_now,blank_for_now,"{""follower_count"":105406063,""following_count"":53,""like_count"":null,""post_count"":59771,""views_count"":null,""comment_count"":null,""share_count"":null}","Jimmy Patronis, Chief Financial Officer and Fire Marshall for the Great State of Florida, is running an incredible Campaign for Congress in Florida‚Äôs 1st Congressional District! A fourth generation Floridian from the beautiful Panhandle, and owner of an iconic seafood restaurant, Jimmy has been a wonderful friend to me, and to MAGA. As your next Congressman, Jimmy will fight hard alongside of me to Grow our Economy, Cut Taxes, Secure our Border, Stop Migrant Crime, Strengthen our Brave Military/Vets, Restore American Energy DOMINANCE, and Defend our always under siege Second Amendment.
¬†
Florida, Election Day is this Tuesday, April 1st. GET OUT AND VOTE FOR JIMMY PATRONIS. Jimmy has my Complete and Total Endorsement ‚Äî¬†HE WILL NEVER LET YOU DOWN! https://t.co/xP3nBIgOep",both, ,no longer populated,,2025-03-31T13:30:06.000Z,post data removed,,91869,18830,3239,28901522,,,
479107236,https://twitter.com/realDonaldTrump/status/1906446171146531088,,Twitter,14001198,Donald J. Trump,blank_for_now,blank_for_now,"{""follower_count"":103732126,""following_count"":53,""like_count"":null,""post_count"":59739,""views_count"":null,""comment_count"":null,""share_count"":null}","RT @OcrazioCornPop: üö® SIGNAL SCANDAL:  Katherine Maher, the leftist NPR CEO, is currently the Chair of the Board of Signal!

WHAT ARE THE O‚Ä¶",, ,no longer populated,"üö® SIGNAL SCANDAL:  Katherine Maher, the leftist NPR CEO, is currently the Chair of the Board of Signal!

WHAT ARE THE ODDS?",2025-03-30T20:39:21.000Z,post data removed,,0,24468,0,310,,"üö® SIGNAL SCANDAL:  Katherine Maher, the leftist NPR CEO, is currently the Chair of the Board of Signal!

WHAT ARE THE ODDS?",
468645844,https://twitter.com/realDonaldTrump/status/1905689237749727368,,Twitter,14001198,Donald J. Trump,blank_for_now,blank_for_now,"{""follower_count"":105419466,""following_count"":53,""like_count"":null,""post_count"":59771,""views_count"":null,""comment_count"":null,""share_count"":null}",https://t.co/i1rW9HroWn,, ,no longer populated,,2025-03-28T18:31:34.000Z,post data removed,https://www.junkipedia.org/rails/active_storage/blobs/redirect/eyJfcmFpbHMiOnsibWVzc2FnZSI6IkJBaHBCTTBOdmprPSIsImV4cCI6bnVsbCwicHVyIjoiYmxvYl9pZCJ9fQ==--f8787388fe20fd06fe5cff4c4508da15faae115b/post-14001198-468645844-thumbnail,310481,52762,26324,68287020,,,
465328943,https://twitter.com/realDonaldTrump/status/1904362652987429338,,Twitter,14001198,Donald J. Trump,blank_for_now,blank_for_now,"{""follower_count"":105429688,""following_count"":53,""like_count"":null,""post_count"":59771,""views_count"":null,""comment_count"":null,""share_count"":null}","FIGHT, FIGHT, FIGHT!!! https://t.co/irQ5B6TRE2",, ,no longer populated,,2025-03-25T02:40:12.000Z,post data removed,https://www.junkipedia.org/rails/active_storage/blobs/redirect/eyJfcmFpbHMiOnsibWVzc2FnZSI6IkJBaHBCTW1SeWprPSIsImV4cCI6bnVsbCwicHVyIjoiYmxvYl9pZCJ9fQ==--2bb59fe39a8a9f23428bb069598d7b84749003d8/post-14001198-465328943-thumbnail,265591,48559,25134,23687981,,,
463612844,https://twitter.com/realDonaldTrump/status/1903215026682380513,,Twitter,14001198,Donald J. Trump,blank_for_now,blank_for_now,"{""follower_count"":105430513,""following_count"":53,""like_count"":null,""post_count"":59771,""views_count"":null,""comment_count"":null,""share_count"":null}",https://t.co/6TBzTaF8iM,, ,no longer populated,,2025-03-21T22:39:57.000Z,post data removed,https://www.junkipedia.org/rails/active_storage/blobs/redirect/eyJfcmFpbHMiOnsibWVzc2FnZSI6IkJBaHBCTEY4eERrPSIsImV4cCI6bnVsbCwicHVyIjoiYmxvYl9pZCJ9fQ==--5563f05c6e66702f3bca5e6329d9da1b297e7aea/post-14001198-463612844-thumbnail,313425,66909,44351,50711755,,,
463803559,https://twitter.com/realDonaldTrump/status/1903214966338912603,,Twitter,14001198,Donald J. Trump,blank_for_now,blank_for_now,"{""follower_count"":103481384,""following_count"":53,""like_count"":null,""post_count"":59735,""views_count"":null,""comment_count"":null,""share_count"":null}","RT @mrddmia: üö® Newly Filed Motion To Disqualify Radical Obama Judge Beryl Howell From Trump Case

Read More: https://t.co/CyEILbUhyq https:‚Ä¶",, ,no longer populated,"üö® Newly Filed Motion To Disqualify Radical Obama Judge Beryl Howell From Trump Case

Read More: https://t.co/CyEILbUhyq https://t.co/dR9EXT1rDj",2025-03-21T22:39:42.000Z,post data removed,,0,9615,0,220,,"üö® Newly Filed Motion To Disqualify Radical Obama Judge Beryl Howell From Trump Case

Read More: https://t.co/CyEILbUhyq https://t.co/dR9EXT1rDj",
462782362,https://twitter.com/realDonaldTrump/status/1902818394946277485,,Twitter,14001198,Donald J. Trump,blank_for_now,blank_for_now,"{""follower_count"":105431514,""following_count"":53,""like_count"":null,""post_count"":59771,""views_count"":null,""comment_count"":null,""share_count"":null}",https://t.co/7l5mGYjROe,, ,no longer populated,,2025-03-20T20:23:52.000Z,post data removed,,105524,20788,11336,30235296,,,
456904741,https://twitter.com/realDonaldTrump/status/1899637674241048800,,Twitter,14001198,Donald J. Trump,blank_for_now,blank_for_now,"{""follower_count"":105416938,""following_count"":53,""like_count"":null,""post_count"":59771,""views_count"":null,""comment_count"":null,""share_count"":null}","Elon Musk: ‚ÄúAs a function of the great policies of President Trump and his administration, and as an act of faith in America, Tesla is going to DOUBLE vehicle output in the United States within the next two years‚Ä¶‚Äù https://t.co/g8jY77yxtP",, ,no longer populated,,2025-03-12T01:44:49.000Z,post data removed,https://www.junkipedia.org/rails/active_storage/blobs/redirect/eyJfcmFpbHMiOnsibWVzc2FnZSI6IkJBaHBCT0JYeWprPSIsImV4cCI6bnVsbCwicHVyIjoiYmxvYl9pZCJ9fQ==--539e7b90f9e779ff50149c598e01ddfd5e62de27/post-14001198-456904741-thumbnail,326938,45223,45921,45604872,,,
456894907,https://twitter.com/realDonaldTrump/status/1899636898533867969,,Twitter,14001198,Donald J. Trump,blank_for_now,blank_for_now,"{""follower_count"":105396341,""following_count"":53,""like_count"":null,""post_count"":59770,""views_count"":null,""comment_count"":null,""share_count"":null}","Number one, it's a great product, as good as it gets‚Äîand number two, because @ElonMusk has devoted his energy and his life to doing this and I think he has been treated very unfairly‚Ä¶ https://t.co/6qrfwrbT0f",, ,no longer populated,,2025-03-12T01:41:44.000Z,post data removed,https://www.junkipedia.org/rails/active_storage/blobs/redirect/eyJfcmFpbHMiOnsibWVzc2FnZSI6IkJBaHBCSmRYeWprPSIsImV4cCI6bnVsbCwicHVyIjoiYmxvYl9pZCJ9fQ==--5378333dc3bd537cdb80b80266c66868f34aad17/post-14001198-456894907-thumbnail,393421,48589,31596,55818298,,,
456991436,https://twitter.com/realDonaldTrump/status/1899636446149087529,,Twitter,14001198,Donald J. Trump,blank_for_now,blank_for_now,"{""follower_count"":102700607,""following_count"":53,""like_count"":null,""post_count"":59718,""views_count"":null,""comment_count"":null,""share_count"":null}","RT @Scavino47: President Trump, @Elon, and X leave the Oval Office and head over to the South Portico of the @WhiteHouse where Elon helped‚Ä¶",, ,no longer populated,"President Trump, @Elon, and X leave the Oval Office and head over to the South Portico of the @WhiteHouse where Elon helped @POTUS choose his new @Tesla‚Ä¶ https://t.co/5jJLVXzRAi",2025-03-12T01:39:56.000Z,post data removed,,0,8689,0,88,,"President Trump, @Elon, and X leave the Oval Office and head over to the South Portico of the @WhiteHouse where Elon helped @POTUS choose his new @Tesla‚Ä¶ https://t.co/5jJLVXzRAi",
453540621,https://twitter.com/realDonaldTrump/status/1897851767817216426,,Twitter,14001198,Donald J. Trump,blank_for_now,blank_for_now,"{""follower_count"":104798779,""following_count"":53,""like_count"":null,""post_count"":59759,""views_count"":null,""comment_count"":null,""share_count"":null}",https://t.co/ReyOK1CGPF,, ,no longer populated,,2025-03-07T03:28:16.000Z,post data removed,https://www.junkipedia.org/rails/active_storage/blobs/redirect/eyJfcmFpbHMiOnsibWVzc2FnZSI6IkJBaHBCUGoveWprPSIsImV4cCI6bnVsbCwicHVyIjoiYmxvYl9pZCJ9fQ==--fa52d2e23fef9930aa7899cb88ebff2da0bc472f/post-14001198-453540621-thumbnail,248779,42610,31633,37080919,,,
453593925,https://twitter.com/realDonaldTrump/status/1897851519489261605,,Twitter,14001198,Donald J. Trump,blank_for_now,blank_for_now,"{""follower_count"":102700607,""following_count"":53,""like_count"":null,""post_count"":59718,""views_count"":null,""comment_count"":null,""share_count"":null}","RT @america: America is Back. Thank you, @realDonaldTrump! https://t.co/ABazdwMFt8",, ,no longer populated,"America is Back. Thank you, @realDonaldTrump! https://t.co/ABazdwMFt8",2025-03-07T03:27:17.000Z,post data removed,,0,8461,0,170,,"America is Back. Thank you, @realDonaldTrump! https://t.co/ABazdwMFt8",
451983654,https://twitter.com/realDonaldTrump/status/1897109875856920752,,Twitter,14001198,Donald J. Trump,blank_for_now,blank_for_now,"{""follower_count"":105431514,""following_count"":53,""like_count"":null,""post_count"":59771,""views_count"":null,""comment_count"":null,""share_count"":null}",https://t.co/LwOIz29x2t,, ,no longer populated,,2025-03-05T02:20:15.000Z,post data removed,,188446,33416,26051,28389,,,
448909807,https://twitter.com/realDonaldTrump/status/1895566669281636846,,Twitter,14001198,Donald J. Trump,blank_for_now,blank_for_now,"{""follower_count"":105423625,""following_count"":53,""like_count"":null,""post_count"":59771,""views_count"":null,""comment_count"":null,""share_count"":null}",https://t.co/Ja8HQTFpf7,, ,no longer populated,,2025-02-28T20:08:06.000Z,post data removed,https://www.junkipedia.org/rails/active_storage/blobs/redirect/eyJfcmFpbHMiOnsibWVzc2FnZSI6IkJBaHBCUDlod1RrPSIsImV4cCI6bnVsbCwicHVyIjoiYmxvYl9pZCJ9fQ==--06a174ed1d52117c7f5f15ec3f15048e0abfd8f3/post-14001198-448909807-thumbnail,783489,98776,131152,108068105,,,
448694579,https://twitter.com/realDonaldTrump/status/1895490923854798913,,Twitter,14001198,Donald J. Trump,blank_for_now,blank_for_now,"{""follower_count"":102700607,""following_count"":53,""like_count"":null,""post_count"":59718,""views_count"":null,""comment_count"":null,""share_count"":null}",RT @Scavino47: Behind the scenes at the @WhiteHouse as President @realDonaldTrump welcomes UK Prime Minister @Keir_Starmer to the West Wing‚Ä¶,, ,no longer populated,Behind the scenes at the @WhiteHouse as President @realDonaldTrump welcomes UK Prime Minister @Keir_Starmer to the West Wingüá∫üá∏üá¨üáß https://t.co/UUwtqDp9BZ,2025-02-28T15:07:07.000Z,post data removed,,0,6864,0,159,,Behind the scenes at the @WhiteHouse as President @realDonaldTrump welcomes UK Prime Minister @Keir_Starmer to the West Wingüá∫üá∏üá¨üáß https://t.co/UUwtqDp9BZ,
448087258,https://twitter.com/realDonaldTrump/status/1895210401891262760,,Twitter,14001198,Donald J. Trump,blank_for_now,blank_for_now,"{""follower_count"":103314632,""following_count"":53,""like_count"":null,""post_count"":59735,""views_count"":null,""comment_count"":null,""share_count"":null}",https://t.co/tJ22x6ldl3,, ,no longer populated,,2025-02-27T20:32:25.000Z,post data removed,,97455,17725,15796,34669860,,,
447263096,https://twitter.com/realDonaldTrump/status/1894862986138808530,,Twitter,14001198,Donald J. Trump,blank_for_now,blank_for_now,"{""follower_count"":103480063,""following_count"":53,""like_count"":null,""post_count"":59735,""views_count"":null,""comment_count"":null,""share_count"":null}",https://t.co/qpU1uT8B8Z,, ,no longer populated,,2025-02-26T21:31:55.000Z,post data removed,,121735,24127,33746,34920403,,,
445740806,https://twitter.com/realDonaldTrump/status/1894126415932526802,,Twitter,14001198,Donald J. Trump,blank_for_now,blank_for_now,"{""follower_count"":105432902,""following_count"":53,""like_count"":null,""post_count"":59771,""views_count"":null,""comment_count"":null,""share_count"":null}",https://t.co/9pZeARuStB,, ,no longer populated,,2025-02-24T20:45:03.000Z,post data removed,https://www.junkipedia.org/rails/active_storage/blobs/redirect/eyJfcmFpbHMiOnsibWVzc2FnZSI6IkJBaHBCSzdBeWprPSIsImV4cCI6bnVsbCwicHVyIjoiYmxvYl9pZCJ9fQ==--e1f66781dd2d2edf06cf2c056f8464f663af52fb/post-14001198-445740806-thumbnail,310417,47416,56412,58329650,,,
445702186,https://twitter.com/realDonaldTrump/status/1894113204319424674,,Twitter,14001198,Donald J. Trump,blank_for_now,blank_for_now,"{""follower_count"":102657598,""following_count"":53,""like_count"":null,""post_count"":59719,""views_count"":null,""comment_count"":null,""share_count"":null}",https://t.co/BlCIdTrJDd,, ,no longer populated,,2025-02-24T19:52:33.000Z,post data removed,,88253,25934,13982,28608406,,,
442326601,https://twitter.com/realDonaldTrump/status/1892397388595093561,,Twitter,14001198,Donald J. Trump,blank_for_now,blank_for_now,"{""follower_count"":105049911,""following_count"":53,""like_count"":null,""post_count"":59766,""views_count"":null,""comment_count"":null,""share_count"":null}",https://t.co/nmaExq4VMw,, ,no longer populated,,2025-02-20T02:14:31.000Z,post data removed,https://www.junkipedia.org/rails/active_storage/blobs/redirect/eyJfcmFpbHMiOnsibWVzc2FnZSI6IkJBaHBCSWcxSkQ0PSIsImV4cCI6bnVsbCwicHVyIjoiYmxvYl9pZCJ9fQ==--1db385e77a2a46d7cff53f5c4dce70dea5acc9fa/post-14001198-442326601-thumbnail,304904,43988,46936,57452487,,,
442129611,https://twitter.com/realDonaldTrump/status/1892344088172646484,,Twitter,14001198,Donald J. Trump,blank_for_now,blank_for_now,"{""follower_count"":102686841,""following_count"":53,""like_count"":null,""post_count"":59727,""views_count"":null,""comment_count"":null,""share_count"":null}",https://t.co/BlidhHnH2i,, ,no longer populated,,2025-02-19T22:42:43.000Z,post data removed,,106044,19390,12019,31696274,,,
441797719,https://twitter.com/realDonaldTrump/status/1892242622623699357,,Twitter,14001198,Donald J. Trump,blank_for_now,blank_for_now,"{""follower_count"":105403857,""following_count"":53,""like_count"":null,""post_count"":59771,""views_count"":null,""comment_count"":null,""share_count"":null}",https://t.co/PMcrOwXejI,, ,no longer populated,,2025-02-19T15:59:32.000Z,post data removed,https://www.junkipedia.org/rails/active_storage/blobs/redirect/eyJfcmFpbHMiOnsibWVzc2FnZSI6IkJBaHBCQUdCdnprPSIsImV4cCI6bnVsbCwicHVyIjoiYmxvYl9pZCJ9fQ==--a7b79051436e2156645245479669a3fb56688669/post-14001198-441797719-thumbnail,635803,107737,88271,40281,,,
441238586,https://twitter.com/realDonaldTrump/status/1892012275789135905,,Twitter,14001198,Donald J. Trump,blank_for_now,blank_for_now,"{""follower_count"":105410553,""following_count"":53,""like_count"":null,""post_count"":59771,""views_count"":null,""comment_count"":null,""share_count"":null}",https://t.co/xcDIB8Pi30,, ,no longer populated,,2025-02-19T00:44:13.000Z,post data removed,https://www.junkipedia.org/rails/active_storage/blobs/redirect/eyJfcmFpbHMiOnsibWVzc2FnZSI6IkJBaHBCR0VzeFRrPSIsImV4cCI6bnVsbCwicHVyIjoiYmxvYl9pZCJ9fQ==--082b1c7cf4359a3922e17b360ead85df3deece7f/post-14001198-441238586-thumbnail,484450,71617,41817,58188915,,,
441272581,https://twitter.com/realDonaldTrump/status/1892012075603382664,,Twitter,14001198,Donald J. Trump,blank_for_now,blank_for_now,"{""follower_count"":105049911,""following_count"":53,""like_count"":null,""post_count"":59766,""views_count"":null,""comment_count"":null,""share_count"":null}",https://t.co/vtx3xYvguL,, ,no longer populated,,2025-02-19T00:43:25.000Z,post data removed,https://www.junkipedia.org/rails/active_storage/blobs/redirect/eyJfcmFpbHMiOnsibWVzc2FnZSI6IkJBaHBCSitsTURvPSIsImV4cCI6bnVsbCwicHVyIjoiYmxvYl9pZCJ9fQ==--c0c70d4ca8629a3650eaa91907a445655c9673d0/post-14001198-441272581-thumbnail,201822,28239,15481,43640269,,,
439511240,https://twitter.com/realDonaldTrump/status/1891572283161944433,,Twitter,14001198,Donald J. Trump,blank_for_now,blank_for_now,"{""follower_count"":105410727,""following_count"":53,""like_count"":null,""post_count"":59771,""views_count"":null,""comment_count"":null,""share_count"":null}","On Trade, I have decided, for purposes of Fairness, that I will charge a RECIPROCAL Tariff meaning, whatever Countries charge the United States of America, we will charge them - No more, no less!

For purposes of this United States Policy, we will consider Countries that use the VAT System, which is far more punitive than a Tariff, to be similar to that of a Tariff. Sending merchandise, product, or anything by any other name through another Country, for purposes of unfairly harming America, will not be accepted. In addition, we will make provision for subsidies provided by Countries in order to take Economic advantage of the United States. Likewise, provisions will be made for Nonmonetary Tariffs and Trade Barriers that some Countries charge in order to keep our product out of their domain or, if they do not even let U.S. businesses operate. We are able to accurately determine the cost of these Nonmonetary Trade Barriers. It is fair to all, no other Country can complain and, in some cases, if a Country feels that the United States would be getting too high a Tariff, all they have to do is reduce or terminate their Tariff against us. There are no Tariffs if you manufacture or build your product in the United States.

For many years, the U.S. has been treated unfairly by other Countries, both friend and foe. This System will immediately bring Fairness and Prosperity back into the previously complex and unfair System of Trade. America has helped many Countries throughout the years, at great financial cost. It is now time that these Countries remember this, and treat us fairly ‚Äì A LEVEL PLAYING FIELD FOR AMERICAN WORKERS. I have instructed my Secretary of State, Secretary of Commerce, Secretary of the Treasury, and United States Trade Representative (USTR) to do all work necessary to deliver RECIPROCITY to our System of Trade!",, ,no longer populated,,2025-02-17T19:35:50.000Z,post data removed,,437643,67825,34326,20763,,,
439540978,https://twitter.com/realDonaldTrump/status/1891571953682481498,,Twitter,14001198,Donald J. Trump,blank_for_now,blank_for_now,"{""follower_count"":102824119,""following_count"":53,""like_count"":null,""post_count"":59732,""views_count"":null,""comment_count"":null,""share_count"":null}",https://t.co/eZUiPWNEEE,, ,no longer populated,,2025-02-17T19:34:32.000Z,post data removed,,561705,53981,21410,59473001,,,
439569239,https://twitter.com/realDonaldTrump/status/1891571874498232512,,Twitter,14001198,Donald J. Trump,blank_for_now,blank_for_now,"{""follower_count"":102691235,""following_count"":53,""like_count"":null,""post_count"":59719,""views_count"":null,""comment_count"":null,""share_count"":null}",https://t.co/WTZYKOPVnK,, ,no longer populated,,2025-02-17T19:34:13.000Z,post data removed,,422793,40946,16606,41879939,,,
438130014,https://twitter.com/realDonaldTrump/status/1890831570535055759,,Twitter,14001198,Donald J. Trump,blank_for_now,blank_for_now,"{""follower_count"":105412090,""following_count"":53,""like_count"":null,""post_count"":59771,""views_count"":null,""comment_count"":null,""share_count"":null}",He who saves his Country does not violate any Law.,, ,no longer populated,,2025-02-15T18:32:31.000Z,post data removed,,730666,100316,73934,242351545,,,
435480335,https://twitter.com/realDonaldTrump/status/1889529852757201368,,Twitter,14001198,Donald J. Trump,blank_for_now,blank_for_now,"{""follower_count"":104997394,""following_count"":53,""like_count"":null,""post_count"":59766,""views_count"":null,""comment_count"":null,""share_count"":null}","WELCOME HOME, MARC!üá∫üá∏ https://t.co/0b2Igcqudp",, ,no longer populated,,2025-02-12T04:19:57.000Z,post data removed,https://www.junkipedia.org/rails/active_storage/blobs/redirect/eyJfcmFpbHMiOnsibWVzc2FnZSI6IkJBaHBCTG5Yd2prPSIsImV4cCI6bnVsbCwicHVyIjoiYmxvYl9pZCJ9fQ==--5e017996b52219cfcb99b045b7bec190d681899b/post-14001198-435480335-thumbnail,427203,48522,23995,52301665,,,
435014255,https://twitter.com/realDonaldTrump/status/1889332439241085203,,Twitter,14001198,Donald J. Trump,blank_for_now,blank_for_now,"{""follower_count"":105426850,""following_count"":53,""like_count"":null,""post_count"":59771,""views_count"":null,""comment_count"":null,""share_count"":null}",https://t.co/J5xnOUDsw1,, ,no longer populated,,2025-02-11T15:15:30.000Z,post data removed,https://www.junkipedia.org/rails/active_storage/blobs/redirect/eyJfcmFpbHMiOnsibWVzc2FnZSI6IkJBaHBCSWxnMXprPSIsImV4cCI6bnVsbCwicHVyIjoiYmxvYl9pZCJ9fQ==--381629c9d087b13d75172c8a68ef185d5be81431/post-14001198-435014255-thumbnail,413809,74933,39926,43070671,,,
435010046,https://twitter.com/realDonaldTrump/status/1889332296919998557,,Twitter,14001198,Donald J. Trump,blank_for_now,blank_for_now,"{""follower_count"":103504343,""following_count"":53,""like_count"":null,""post_count"":59735,""views_count"":null,""comment_count"":null,""share_count"":null}",https://t.co/TEXWLRe6pl,, ,no longer populated,,2025-02-11T15:14:56.000Z,post data removed,https://www.junkipedia.org/rails/active_storage/blobs/redirect/eyJfcmFpbHMiOnsibWVzc2FnZSI6IkJBaHBCRS9kSkRvPSIsImV4cCI6bnVsbCwicHVyIjoiYmxvYl9pZCJ9fQ==--b28d9ac00b292218eae19bb1da3c61640ea25232/post-14001198-435010046-thumbnail,274576,44875,18928,39772214,,,
433826264,https://twitter.com/realDonaldTrump/status/1888725523393904876,,Twitter,14001198,Donald J. Trump,blank_for_now,blank_for_now,"{""follower_count"":105408010,""following_count"":53,""like_count"":null,""post_count"":59771,""views_count"":null,""comment_count"":null,""share_count"":null}",https://t.co/M1HzBZKrnA,, ,no longer populated,,2025-02-09T23:03:50.000Z,post data removed,https://www.junkipedia.org/rails/active_storage/blobs/redirect/eyJfcmFpbHMiOnsibWVzc2FnZSI6IkJBaHBCRk5aeWprPSIsImV4cCI6bnVsbCwicHVyIjoiYmxvYl9pZCJ9fQ==--de7eb2a24fbb5f276b8df06ef934bbab9478810b/post-14001198-433826264-thumbnail,404101,51584,30602,41408054,,,
433810986,https://twitter.com/realDonaldTrump/status/1888714144435851295,,Twitter,14001198,Donald J. Trump,blank_for_now,blank_for_now,"{""follower_count"":105420315,""following_count"":53,""like_count"":null,""post_count"":59771,""views_count"":null,""comment_count"":null,""share_count"":null}",https://t.co/KyCbNARsA9,, ,no longer populated,,2025-02-09T22:18:37.000Z,post data removed,https://www.junkipedia.org/rails/active_storage/blobs/redirect/eyJfcmFpbHMiOnsibWVzc2FnZSI6IkJBaHBCTWxZeWprPSIsImV4cCI6bnVsbCwicHVyIjoiYmxvYl9pZCJ9fQ==--7065449786d977868b8800df67e5c4e60e0cc6fe/post-14001198-433810986-thumbnail,357590,58726,16999,44590894,,,
432176218,https://twitter.com/realDonaldTrump/status/1887916067491574108,,Twitter,14001198,Donald J. Trump,blank_for_now,blank_for_now,"{""follower_count"":105404096,""following_count"":53,""like_count"":null,""post_count"":59771,""views_count"":null,""comment_count"":null,""share_count"":null}",https://t.co/fT2wFwfU0A,, ,no longer populated,,2025-02-07T17:27:20.000Z,post data removed,https://www.junkipedia.org/rails/active_storage/blobs/redirect/eyJfcmFpbHMiOnsibWVzc2FnZSI6IkJBaHBCQXFRMGprPSIsImV4cCI6bnVsbCwicHVyIjoiYmxvYl9pZCJ9fQ==--f06b146e330db5270cdf69f72bb2159454e21c4c/post-14001198-432176218-thumbnail,433943,39012,34274,76755681,,,
432183696,https://twitter.com/realDonaldTrump/status/1887916006523166886,,Twitter,14001198,Donald J. Trump,blank_for_now,blank_for_now,"{""follower_count"":103615414,""following_count"":53,""like_count"":null,""post_count"":59739,""views_count"":null,""comment_count"":null,""share_count"":null}",https://t.co/6MGaxjbHUz,, ,no longer populated,,2025-02-07T17:27:06.000Z,post data removed,https://www.junkipedia.org/rails/active_storage/blobs/redirect/eyJfcmFpbHMiOnsibWVzc2FnZSI6IkJBaHBCSEZBNERrPSIsImV4cCI6bnVsbCwicHVyIjoiYmxvYl9pZCJ9fQ==--c87af2825b6db285555dab55a316b6749afe1240/post-14001198-432183696-thumbnail,328324,54604,18415,60556967,,,
431657073,https://twitter.com/realDonaldTrump/status/1887635430385885279,,Twitter,14001198,Donald J. Trump,blank_for_now,blank_for_now,"{""follower_count"":105401524,""following_count"":53,""like_count"":null,""post_count"":59771,""views_count"":null,""comment_count"":null,""share_count"":null}",https://t.co/0DvI2cPDBo,, ,no longer populated,,2025-02-06T22:52:11.000Z,post data removed,https://www.junkipedia.org/rails/active_storage/blobs/redirect/eyJfcmFpbHMiOnsibWVzc2FnZSI6IkJBaHBCTjBZM0RrPSIsImV4cCI6bnVsbCwicHVyIjoiYmxvYl9pZCJ9fQ==--8c3e841444b8b8fc9795c00ed5ca1f86a0ce35df/post-14001198-431657073-thumbnail,446659,56887,18690,51070513,,,
431398709,https://twitter.com/realDonaldTrump/status/1887543203953275347,,Twitter,14001198,Donald J. Trump,blank_for_now,blank_for_now,"{""follower_count"":105419534,""following_count"":53,""like_count"":null,""post_count"":59771,""views_count"":null,""comment_count"":null,""share_count"":null}",https://t.co/UeyP7NHjAo,, ,no longer populated,,2025-02-06T16:45:43.000Z,post data removed,https://www.junkipedia.org/rails/active_storage/blobs/redirect/eyJfcmFpbHMiOnsibWVzc2FnZSI6IkJBaHBCR1lnd3prPSIsImV4cCI6bnVsbCwicHVyIjoiYmxvYl9pZCJ9fQ==--9558ca6a8f56981e10a55a5b7195db1c5f11c3f1/post-14001198-431398709-thumbnail,410455,74701,27042,48503245,,,
431398706,https://twitter.com/realDonaldTrump/status/1887543148781461806,,Twitter,14001198,Donald J. Trump,blank_for_now,blank_for_now,"{""follower_count"":105419465,""following_count"":53,""like_count"":null,""post_count"":59771,""views_count"":null,""comment_count"":null,""share_count"":null}",https://t.co/JivikzDa3v,, ,no longer populated,,2025-02-06T16:45:30.000Z,post data removed,https://www.junkipedia.org/rails/active_storage/blobs/redirect/eyJfcmFpbHMiOnsibWVzc2FnZSI6IkJBaHBCQVEzeXprPSIsImV4cCI6bnVsbCwicHVyIjoiYmxvYl9pZCJ9fQ==--96a86bda1e82609525721ea98e921d7e5ab9aae3/post-14001198-431398706-thumbnail,313181,42171,45044,65424648,,,
429994647,https://twitter.com/realDonaldTrump/status/1886855810451485180,,Twitter,14001198,Donald J. Trump,blank_for_now,blank_for_now,"{""follower_count"":104896067,""following_count"":53,""like_count"":null,""post_count"":59765,""views_count"":null,""comment_count"":null,""share_count"":null}",https://t.co/aw80b4Y6oN,, ,no longer populated,,2025-02-04T19:14:15.000Z,post data removed,https://www.junkipedia.org/rails/active_storage/blobs/redirect/eyJfcmFpbHMiOnsibWVzc2FnZSI6IkJBaHBCRXA1WkR3PSIsImV4cCI6bnVsbCwicHVyIjoiYmxvYl9pZCJ9fQ==--d5697b75d678058951ff26e0a5ed1cb776e418b6/post-14001198-429994647-thumbnail,448774,36674,14991,59103307,,,
428962017,https://twitter.com/realDonaldTrump/status/1886456105372459141,,Twitter,14001198,Donald J. Trump,blank_for_now,blank_for_now,"{""follower_count"":105426868,""following_count"":53,""like_count"":null,""post_count"":59771,""views_count"":null,""comment_count"":null,""share_count"":null}",https://t.co/DC5Mx8yCiB,, ,no longer populated,,2025-02-03T16:45:58.000Z,post data removed,https://www.junkipedia.org/rails/active_storage/blobs/redirect/eyJfcmFpbHMiOnsibWVzc2FnZSI6IkJBaHBCQXBaeERrPSIsImV4cCI6bnVsbCwicHVyIjoiYmxvYl9pZCJ9fQ==--f0a344b3fa61c46de779531ecf867636ee4d4aed/post-14001198-428962017-thumbnail,599427,64425,29690,75130666,,,
428953379,https://twitter.com/realDonaldTrump/status/1886453721871319097,,Twitter,14001198,Donald J. Trump,blank_for_now,blank_for_now,"{""follower_count"":105426850,""following_count"":53,""like_count"":null,""post_count"":59771,""views_count"":null,""comment_count"":null,""share_count"":null}",https://t.co/PK1V8YklhY,, ,no longer populated,"This morning I ordered precision Military air strikes on the Senior ISIS Attack Planner and other terrorists he recruited and led in Somalia. These killers, who we found hiding in caves, threatened the United States and our Allies. The strikes destroyed the caves they live in, and killed many terrorists without, in any way, harming civilians. Our Military has targeted this ISIS Attack Planner for years, but Biden and his cronies wouldn‚Äôt act quickly enough to get the job done. I did! The message to ISIS and all others who would attack Americans is that ‚ÄúWE WILL FIND YOU, AND WE WILL KILL YOU!‚Äù",2025-02-03T16:36:30.000Z,post data removed,https://www.junkipedia.org/rails/active_storage/blobs/redirect/eyJfcmFpbHMiOnsibWVzc2FnZSI6IkJBaHBCS0ZoMXprPSIsImV4cCI6bnVsbCwicHVyIjoiYmxvYl9pZCJ9fQ==--351941e3b0518ca4177fb8b4adf160124c41bf45/post-14001198-428953379-thumbnail,316314,35860,14866,85198240,,"This morning I ordered precision Military air strikes on the Senior ISIS Attack Planner and other terrorists he recruited and led in Somalia. These killers, who we found hiding in caves, threatened the United States and our Allies. The strikes destroyed the caves they live in, and killed many terrorists without, in any way, harming civilians. Our Military has targeted this ISIS Attack Planner for years, but Biden and his cronies wouldn‚Äôt act quickly enough to get the job done. I did! The message to ISIS and all others who would attack Americans is that ‚ÄúWE WILL FIND YOU, AND WE WILL KILL YOU!‚Äù",
427956219,https://twitter.com/realDonaldTrump/status/1885821495080825305,,Twitter,14001198,Donald J. Trump,blank_for_now,blank_for_now,"{""follower_count"":105412607,""following_count"":53,""like_count"":null,""post_count"":59771,""views_count"":null,""comment_count"":null,""share_count"":null}",https://t.co/SWZtSm6NMX,, ,no longer populated,,2025-02-01T22:44:15.000Z,post data removed,https://www.junkipedia.org/rails/active_storage/blobs/redirect/eyJfcmFpbHMiOnsibWVzc2FnZSI6IkJBaHBCS254eERrPSIsImV4cCI6bnVsbCwicHVyIjoiYmxvYl9pZCJ9fQ==--da565929ae0a49eee013cc875ccf17e6497898a9/post-14001198-427956219-thumbnail,401660,53268,44083,77332059,,,
427811108,https://twitter.com/realDonaldTrump/status/1885740103223648412,,Twitter,14001198,Donald J. Trump,blank_for_now,blank_for_now,"{""follower_count"":105429588,""following_count"":53,""like_count"":null,""post_count"":59771,""views_count"":null,""comment_count"":null,""share_count"":null}","This morning I ordered precision Military air strikes on the Senior ISIS Attack Planner and other terrorists he recruited and led in Somalia. These killers, who we found hiding in caves, threatened the United States and our Allies. The strikes destroyed the caves they live in, and killed many terrorists without, in any way, harming civilians. Our Military has targeted this ISIS Attack Planner for years, but Biden and his cronies wouldn‚Äôt act quickly enough to get the job done. I did! The message to ISIS and all others who would attack Americans is that ‚ÄúWE WILL FIND YOU, AND WE WILL KILL YOU!‚Äù",, ,no longer populated,,2025-02-01T17:20:50.000Z,post data removed,,771463,100508,42826,165795303,,,
427811482,https://twitter.com/realDonaldTrump/status/1885740072705650821,,Twitter,14001198,Donald J. Trump,blank_for_now,blank_for_now,"{""follower_count"":105344021,""following_count"":53,""like_count"":null,""post_count"":59770,""views_count"":null,""comment_count"":null,""share_count"":null}",https://t.co/ltyGcGiiKR,, ,no longer populated,,2025-02-01T17:20:43.000Z,post data removed,https://www.junkipedia.org/rails/active_storage/blobs/redirect/eyJfcmFpbHMiOnsibWVzc2FnZSI6IkJBaHBCTU1oRVQ4PSIsImV4cCI6bnVsbCwicHVyIjoiYmxvYl9pZCJ9fQ==--c970437ebcf58b71faadcbd4718e0fda9faa812b/post-14001198-427811482-thumbnail,290320,42266,12487,37521862,,,
427859163,https://twitter.com/realDonaldTrump/status/1885739966350667907,,Twitter,14001198,Donald J. Trump,blank_for_now,blank_for_now,"{""follower_count"":102897234,""following_count"":53,""like_count"":null,""post_count"":59733,""views_count"":null,""comment_count"":null,""share_count"":null}",https://t.co/0qevDBhdLk,, ,no longer populated,,2025-02-01T17:20:17.000Z,post data removed,,288055,23059,6885,51958056,,,
427813658,https://twitter.com/realDonaldTrump/status/1885739833399619760,,Twitter,14001198,Donald J. Trump,blank_for_now,blank_for_now,"{""follower_count"":104895312,""following_count"":53,""like_count"":null,""post_count"":59765,""views_count"":null,""comment_count"":null,""share_count"":null}","It is so good to have the Venezuela Hostages back home and, very important to note, that Venezuela has agreed to receive, back into their Country, all Venezuela illegal aliens who were encamped in the U.S., including gang members of Tren de Aragua. Venezuela has further agreed to supply the transportation back. We are in the process of removing record numbers of illegal aliens from all Countries, and all Countries have agreed to accept these illegal aliens back. Furthermore, record numbers of criminals are being removed from our Country, and the Border numbers are the strongest they have been since the First Term of the Trump Administration!",, ,no longer populated,,2025-02-01T17:19:46.000Z,post data removed,,324245,42057,10988,53321222,,,
427342137,https://twitter.com/realDonaldTrump/status/1885485623735124467,,Twitter,14001198,Donald J. Trump,blank_for_now,blank_for_now,"{""follower_count"":104944324,""following_count"":53,""like_count"":null,""post_count"":59765,""views_count"":null,""comment_count"":null,""share_count"":null}",Just been informed that we are bringing six hostages home from Venezuela. Thank you to Ric Grenell and my entire staff. Great job!,, ,no longer populated,,2025-02-01T00:29:37.000Z,post data removed,,488054,48259,12861,70564839,,,
427300351,https://twitter.com/realDonaldTrump/status/1885473025476145386,,Twitter,14001198,Donald J. Trump,blank_for_now,blank_for_now,"{""follower_count"":105429588,""following_count"":53,""like_count"":null,""post_count"":59771,""views_count"":null,""comment_count"":null,""share_count"":null}","Photo of beautiful water flow that I just opened in California. Today, 1.6 billion gallons and, in 3 days, it will be 5.2 billion gallons. Everybody should be happy about this long fought Victory! I only wish they listened to me six years ago ‚Äì There would have been no fire! https://t.co/Oaz92ZeiTh",, ,no longer populated,,2025-01-31T23:39:34.000Z,post data removed,https://www.junkipedia.org/rails/active_storage/blobs/redirect/eyJfcmFpbHMiOnsibWVzc2FnZSI6IkJBaHBCR0tUeWprPSIsImV4cCI6bnVsbCwicHVyIjoiYmxvYl9pZCJ9fQ==--16b5a7cf2cdeb1eebe645f53de26198422d30dd2/post-14001198-427300351-thumbnail,543307,74076,27543,67173252,,,
427073641,https://twitter.com/realDonaldTrump/status/1885345948047462910,,Twitter,14001198,Donald J. Trump,blank_for_now,blank_for_now,"{""follower_count"":102897234,""following_count"":53,""like_count"":null,""post_count"":59733,""views_count"":null,""comment_count"":null,""share_count"":null}",https://t.co/jIOdjGiwi0,, ,no longer populated,,2025-01-31T15:14:36.000Z,post data removed,,200405,29596,11292,63702702,,,
427076686,https://twitter.com/realDonaldTrump/status/1885345244167745561,,Twitter,14001198,Donald J. Trump,blank_for_now,blank_for_now,"{""follower_count"":102897234,""following_count"":53,""like_count"":null,""post_count"":59733,""views_count"":null,""comment_count"":null,""share_count"":null}",https://t.co/0qNyRa9km3,, ,no longer populated,,2025-01-31T15:11:48.000Z,post data removed,,184745,30561,13251,35422444,,,
427101278,https://twitter.com/realDonaldTrump/status/1885301983973650885,,Twitter,14001198,Donald J. Trump,blank_for_now,blank_for_now,"{""follower_count"":100785641,""following_count"":53,""like_count"":null,""post_count"":59690,""views_count"":null,""comment_count"":null,""share_count"":null}","RT @NicoleShanahan: Proud of you, Bobby, for taking the lead‚Äîand of every American who has every reason to give up but refuses to stop figh‚Ä¶",, ,no longer populated,"Proud of you, Bobby, for taking the lead‚Äîand of every American who has every reason to give up but refuses to stop fighting. We WILL win. üá∫üá∏ https://t.co/MnJEzrmFIr",2025-01-31T12:19:54.000Z,post data removed,,0,23583,0,42,,"Proud of you, Bobby, for taking the lead‚Äîand of every American who has every reason to give up but refuses to stop fighting. We WILL win. üá∫üá∏ https://t.co/MnJEzrmFIr",
424979586,https://twitter.com/realDonaldTrump/status/1884308797239554429,,Twitter,14001198,Donald J. Trump,blank_for_now,blank_for_now,"{""follower_count"":105423681,""following_count"":53,""like_count"":null,""post_count"":59771,""views_count"":null,""comment_count"":null,""share_count"":null}",https://t.co/matfK2s03a,, ,no longer populated,,2025-01-28T18:33:20.000Z,post data removed,https://www.junkipedia.org/rails/active_storage/blobs/redirect/eyJfcmFpbHMiOnsibWVzc2FnZSI6IkJBaHBCRXBjeWprPSIsImV4cCI6bnVsbCwicHVyIjoiYmxvYl9pZCJ9fQ==--f356dd04dd01b159477ddbf939e3d656c5cca59c/post-14001198-424979586-thumbnail,417052,44752,30153,56994103,,,
424971563,https://twitter.com/realDonaldTrump/status/1884308740792541440,,Twitter,14001198,Donald J. Trump,blank_for_now,blank_for_now,"{""follower_count"":103566061,""following_count"":53,""like_count"":null,""post_count"":59739,""views_count"":null,""comment_count"":null,""share_count"":null}",https://t.co/XkdLbwRePR,, ,no longer populated,,2025-01-28T18:33:07.000Z,post data removed,https://www.junkipedia.org/rails/active_storage/blobs/redirect/eyJfcmFpbHMiOnsibWVzc2FnZSI6IkJBaHBCUGMyS2pvPSIsImV4cCI6bnVsbCwicHVyIjoiYmxvYl9pZCJ9fQ==--2f6a4ea8e3604619f42a9187e322ffebb008591a/post-14001198-424971563-thumbnail,413362,40468,19286,60148937,,,
423189487,https://twitter.com/realDonaldTrump/status/1883337238198829126,,Twitter,14001198,Donald J. Trump,blank_for_now,blank_for_now,"{""follower_count"":104783026,""following_count"":53,""like_count"":null,""post_count"":59760,""views_count"":null,""comment_count"":null,""share_count"":null}",https://t.co/hmxumW2iC0,, ,no longer populated,,2025-01-26T02:12:42.000Z,post data removed,https://www.junkipedia.org/rails/active_storage/blobs/redirect/eyJfcmFpbHMiOnsibWVzc2FnZSI6IkJBaHBCT3dsQ2pvPSIsImV4cCI6bnVsbCwicHVyIjoiYmxvYl9pZCJ9fQ==--ac3644081ad9e884595e415ea183b0b742e88e9f/post-14001198-423189487-thumbnail,331735,47505,27795,47830363,,,
422908916,https://twitter.com/realDonaldTrump/status/1883206626787881080,,Twitter,14001198,Donald J. Trump,blank_for_now,blank_for_now,"{""follower_count"":105409860,""following_count"":53,""like_count"":null,""post_count"":59771,""views_count"":null,""comment_count"":null,""share_count"":null}",THE GOLDEN AGE OF AMERICA BEGINS RIGHT NOW! https://t.co/PSfDlAFpeO,, ,no longer populated,,2025-01-25T17:33:42.000Z,post data removed,https://www.junkipedia.org/rails/active_storage/blobs/redirect/eyJfcmFpbHMiOnsibWVzc2FnZSI6IkJBaHBCTXJYNERrPSIsImV4cCI6bnVsbCwicHVyIjoiYmxvYl9pZCJ9fQ==--015d3faedc8fc1eb3ec55a8cf87450755a8ace94/post-14001198-422908916-thumbnail,518268,71457,39631,54396262,,,
422891636,https://twitter.com/realDonaldTrump/status/1883195857237062111,,Twitter,14001198,Donald J. Trump,blank_for_now,blank_for_now,"{""follower_count"":102898434,""following_count"":53,""like_count"":null,""post_count"":59733,""views_count"":null,""comment_count"":null,""share_count"":null}",MAKE AMERICA GREAT AGAIN! https://t.co/K6FkyX1AZp,, ,no longer populated,,2025-01-25T16:50:55.000Z,post data removed,,589154,56169,23165,41103945,,,
420629490,https://twitter.com/realDonaldTrump/status/1882156626028929186,,Twitter,14001198,Donald J. Trump,blank_for_now,blank_for_now,"{""follower_count"":105430561,""following_count"":53,""like_count"":null,""post_count"":59771,""views_count"":null,""comment_count"":null,""share_count"":null}",Happy 20th Anniversary to Melania! https://t.co/VIcXSQb4QO,, ,no longer populated,,2025-01-22T20:01:23.000Z,post data removed,https://www.junkipedia.org/rails/active_storage/blobs/redirect/eyJfcmFpbHMiOnsibWVzc2FnZSI6IkJBaHBCUDZYNGprPSIsImV4cCI6bnVsbCwicHVyIjoiYmxvYl9pZCJ9fQ==--20d837cc213efdc7ca735c8f4a7c40cdf15dae8b/post-14001198-420629490-thumbnail,1389452,89191,59931,103201950,,,
419683659,https://twitter.com/realDonaldTrump/status/1881843998849130673,,Twitter,14001198,Donald J. Trump,blank_for_now,blank_for_now,"{""follower_count"":100411230,""following_count"":53,""like_count"":null,""post_count"":59683,""views_count"":null,""comment_count"":null,""share_count"":null}",RT @realDonaldTrump: My NEW Official Trump Meme is HERE! It‚Äôs time to celebrate everything we stand for: WINNING! Join my very special Trum‚Ä¶,, ,no longer populated,My NEW Official Trump Meme is HERE! It‚Äôs time to celebrate everything we stand for: WINNING! Join my very special Trump Community. GET YOUR $TRUMP NOW. Go to https://t.co/GX3ZxT5xyq ‚Äî Have Fun! https://t.co/flIKYyfBrC,2025-01-21T23:19:06.000Z,post data removed,,0,72796,0,47,,My NEW Official Trump Meme is HERE! It‚Äôs time to celebrate everything we stand for: WINNING! Join my very special Trump Community. GET YOUR $TRUMP NOW. Go to https://t.co/GX3ZxT5xyq ‚Äî Have Fun! https://t.co/flIKYyfBrC,
418335951,https://twitter.com/realDonaldTrump/status/1881419736648499257,,Twitter,14001198,Donald J. Trump,blank_for_now,blank_for_now,"{""follower_count"":103566605,""following_count"":53,""like_count"":null,""post_count"":59739,""views_count"":null,""comment_count"":null,""share_count"":null}",Donald J. Trump Attends the Presidential Parade https://t.co/xath35WNXE,, ,no longer populated,,2025-01-20T19:13:14.000Z,post data removed,,434382,55211,23337,81984584,,,
418252011,https://twitter.com/realDonaldTrump/status/1881413479933899232,,Twitter,14001198,Donald J. Trump,blank_for_now,blank_for_now,"{""follower_count"":98718546,""following_count"":53,""like_count"":null,""post_count"":59664,""views_count"":null,""comment_count"":null,""share_count"":null}",Donald J. Trump Attends the Presidential Parade https://t.co/S43WVtUS5J,, ,no longer populated,,2025-01-20T18:48:23.000Z,post data removed,,7410,907,987,201405,,,
418161890,https://twitter.com/realDonaldTrump/status/1881372933710589978,,Twitter,14001198,Donald J. Trump,blank_for_now,blank_for_now,"{""follower_count"":105420909,""following_count"":53,""like_count"":null,""post_count"":59771,""views_count"":null,""comment_count"":null,""share_count"":null}",The 60th Presidential Inauguration Ceremony https://t.co/kTB4w2VCdI,, ,no longer populated,,2025-01-20T16:07:16.000Z,post data removed,,723272,115453,42761,80539613,,,
418128239,https://twitter.com/realDonaldTrump/status/1881359202951839834,,Twitter,14001198,Donald J. Trump,blank_for_now,blank_for_now,"{""follower_count"":98613634,""following_count"":53,""like_count"":null,""post_count"":59663,""views_count"":null,""comment_count"":null,""share_count"":null}",The 60th Presidential Inauguration Ceremony https://t.co/m0OTZlpPcw,, ,no longer populated,,2025-01-20T15:12:42.000Z,post data removed,,97660,18155,6968,3826181,,,
417890331,https://twitter.com/realDonaldTrump/status/1881134045314285578,,Twitter,14001198,Donald J. Trump,blank_for_now,blank_for_now,"{""follower_count"":98895208,""following_count"":53,""like_count"":null,""post_count"":59664,""views_count"":null,""comment_count"":null,""share_count"":null}",RT @realDonaldTrump: My NEW Official Trump Meme is HERE! It‚Äôs time to celebrate everything we stand for: WINNING! Join my very special Trum‚Ä¶,, ,no longer populated,My NEW Official Trump Meme is HERE! It‚Äôs time to celebrate everything we stand for: WINNING! Join my very special Trump Community. GET YOUR $TRUMP NOW. Go to https://t.co/GX3ZxT5xyq ‚Äî Have Fun! https://t.co/flIKYyfBrC,2025-01-20T00:18:00.000Z,post data removed,,0,67585,0,22,,My NEW Official Trump Meme is HERE! It‚Äôs time to celebrate everything we stand for: WINNING! Join my very special Trump Community. GET YOUR $TRUMP NOW. Go to https://t.co/GX3ZxT5xyq ‚Äî Have Fun! https://t.co/flIKYyfBrC,
417890340,https://twitter.com/realDonaldTrump/status/1881089112771572032,,Twitter,14001198,Donald J. Trump,blank_for_now,blank_for_now,"{""follower_count"":100158868,""following_count"":53,""like_count"":null,""post_count"":59680,""views_count"":null,""comment_count"":null,""share_count"":null}","RT @MELANIATRUMP: The Official Melania Meme is live!

You can buy $MELANIA now.¬†¬†

https://t.co/mgSwtOQYnq

FUAfBo2jgks6gB4Z4LfZkqSZgzNucis‚Ä¶",, ,no longer populated,"The Official Melania Meme is live!

You can buy $MELANIA now.¬†¬†

https://t.co/mgSwtOQYnq

FUAfBo2jgks6gB4Z4LfZkqSZgzNucisEHqnNebaRxM1P https://t.co/o2V9BQx2zG",2025-01-19T21:19:28.000Z,post data removed,,0,3109,0,148,,"The Official Melania Meme is live!

You can buy $MELANIA now.¬†¬†

https://t.co/mgSwtOQYnq

FUAfBo2jgks6gB4Z4LfZkqSZgzNucisEHqnNebaRxM1P https://t.co/o2V9BQx2zG",
417679268,https://twitter.com/realDonaldTrump/status/1881073769449492971,,Twitter,14001198,Donald J. Trump,blank_for_now,blank_for_now,"{""follower_count"":105423681,""following_count"":53,""like_count"":null,""post_count"":59771,""views_count"":null,""comment_count"":null,""share_count"":null}",President Trump‚Äôs Celebratory Victory Rally https://t.co/MCKNpDh8kG,, ,no longer populated,,2025-01-19T20:18:29.000Z,post data removed,,482964,72161,37233,92752318,,,
417035526,https://twitter.com/realDonaldTrump/status/1880672600894173506,,Twitter,14001198,Donald J. Trump,blank_for_now,blank_for_now,"{""follower_count"":99952730,""following_count"":53,""like_count"":null,""post_count"":59675,""views_count"":null,""comment_count"":null,""share_count"":null}",RT @EricTrump: I am extremely proud of what we continue to accomplish in crypto. $Trump is currently the hottest digital meme on earth and‚Ä¶,, ,no longer populated,I am extremely proud of what we continue to accomplish in crypto. $Trump is currently the hottest digital meme on earth and I truly believe that @WorldLibertyFi will revolutionize DeFi/Cefi and will be the future of finance. We are just getting started! üöÄüöÄ,2025-01-18T17:44:23.000Z,post data removed,,0,14281,0,248,,I am extremely proud of what we continue to accomplish in crypto. $Trump is currently the hottest digital meme on earth and I truly believe that @WorldLibertyFi will revolutionize DeFi/Cefi and will be the future of finance. We are just getting started! üöÄüöÄ,
416588750,https://twitter.com/realDonaldTrump/status/1880446012168249386,,Twitter,14001198,Donald J. Trump,blank_for_now,blank_for_now,"{""follower_count"":105417702,""following_count"":53,""like_count"":null,""post_count"":59771,""views_count"":null,""comment_count"":null,""share_count"":null}",My NEW Official Trump Meme is HERE! It‚Äôs time to celebrate everything we stand for: WINNING! Join my very special Trump Community. GET YOUR $TRUMP NOW. Go to https://t.co/GX3ZxT5xyq ‚Äî Have Fun! https://t.co/flIKYyfBrC,, ,no longer populated,,2025-01-18T02:44:00.000Z,post data removed,https://www.junkipedia.org/rails/active_storage/blobs/redirect/eyJfcmFpbHMiOnsibWVzc2FnZSI6IkJBaHBCREVYMHprPSIsImV4cCI6bnVsbCwicHVyIjoiYmxvYl9pZCJ9fQ==--d6440bec7a8fc4aefdec1af51fe174ac380b8e3e/post-14001198-416588750-thumbnail,414788,68462,75244,116227502,,,
415728145,https://twitter.com/realDonaldTrump/status/1880054681176797374,,Twitter,14001198,Donald J. Trump,blank_for_now,blank_for_now,"{""follower_count"":97490389,""following_count"":53,""like_count"":null,""post_count"":59657,""views_count"":null,""comment_count"":null,""share_count"":null}","Please accept the honor of attending President Donald J. Trump‚Äôs swearing-in.

He wants all top supporters in attendance for this momentous day.

Confirm Inauguration attendance BELOW.",, ,no longer populated,,2025-01-17T00:49:00.000Z,post data removed,,28,3,10,7371,,,
416232552,https://twitter.com/realDonaldTrump/status/1880047131425402902,,Twitter,14001198,Donald J. Trump,blank_for_now,blank_for_now,"{""follower_count"":97528769,""following_count"":53,""like_count"":null,""post_count"":59657,""views_count"":null,""comment_count"":null,""share_count"":null}","President Trump‚Äôs swearing-in ceremony is in a few days, but you can still attend. 

He would be honored to have you at his Inauguration.

RSVP üëáüëá",, ,no longer populated,,2025-01-17T00:19:00.000Z,post data removed,,1180,96,185,515740,,,
416045143,https://twitter.com/realDonaldTrump/status/1880045118063067513,,Twitter,14001198,Donald J. Trump,blank_for_now,blank_for_now,"{""follower_count"":98394703,""following_count"":53,""like_count"":null,""post_count"":59662,""views_count"":null,""comment_count"":null,""share_count"":null}","Donald J. Trump is headed back to the White House, and you're invited to our nation's capital to celebrate.

Make this historic Inauguration even more special.

RSVP BELOW.",, ,no longer populated,,2025-01-17T00:11:00.000Z,post data removed,,1114,94,138,455124,,,
413429323,https://twitter.com/realDonaldTrump/status/1878969190335590889,,Twitter,14001198,Donald J. Trump,blank_for_now,blank_for_now,"{""follower_count"":103567061,""following_count"":53,""like_count"":null,""post_count"":59739,""views_count"":null,""comment_count"":null,""share_count"":null}",https://t.co/5xCdrWmQEH,, ,no longer populated,,2025-01-14T00:55:39.000Z,post data removed,https://www.junkipedia.org/rails/active_storage/blobs/redirect/eyJfcmFpbHMiOnsibWVzc2FnZSI6IkJBaHBCUGVxZ1RvPSIsImV4cCI6bnVsbCwicHVyIjoiYmxvYl9pZCJ9fQ==--b879ac1e9ac1b7954ce174e04142420d38e65520/post-14001198-413429323-thumbnail,704202,88494,29989,83624766,,,
404382301,https://twitter.com/realDonaldTrump/status/1876089056817455175,,Twitter,14001198,Donald J. Trump,blank_for_now,blank_for_now,"{""follower_count"":104753898,""following_count"":53,""like_count"":null,""post_count"":59759,""views_count"":null,""comment_count"":null,""share_count"":null}","Members of Congress are getting to work on one powerful Bill that will bring our Country back, and make it greater than ever before. We must Secure our Border, Unleash American Energy, and Renew the Trump Tax Cuts, which were the largest in History, but we will make it even better - NO TAX ON TIPS. IT WILL ALL BE MADE UP WITH TARIFFS, AND MUCH MORE, FROM COUNTRIES THAT HAVE TAKEN ADVANTAGE OF THE U.S. FOR YEARS. Republicans must unite, and quickly deliver these Historic Victories for the American People. Get smart, tough, and send the Bill to my desk to sign as soon as possible. MAKE AMERICA GREAT AGAIN!",, ,no longer populated,,2025-01-06T02:11:01.000Z,post data removed,,323246,50563,34286,65046447,,,
402378976,https://twitter.com/realDonaldTrump/status/1875050089305252190,,Twitter,14001198,Donald J. Trump,blank_for_now,blank_for_now,"{""follower_count"":105431226,""following_count"":53,""like_count"":null,""post_count"":59771,""views_count"":null,""comment_count"":null,""share_count"":null}",TRUMP WAS RIGHT ABOUT EVERYTHING!,, ,no longer populated,,2025-01-03T05:22:32.000Z,post data removed,,530933,55824,34842,101556558,,,
402370853,https://twitter.com/realDonaldTrump/status/1875050002046726519,,Twitter,14001198,Donald J. Trump,blank_for_now,blank_for_now,"{""follower_count"":105431226,""following_count"":53,""like_count"":null,""post_count"":59771,""views_count"":null,""comment_count"":null,""share_count"":null}","Our Country is a disaster, a laughing stock all over the World! This is what happens when you have OPEN BORDERS, with weak, ineffective, and virtually nonexistent leadership. The DOJ, FBI, and Democrat state and local prosecutors have not done their job. They are incompetent and corrupt, having spent all of their waking hours unlawfully attacking their political opponent, ME, rather than focusing on protecting Americans from the outside and inside violent SCUM that has infiltrated all aspects of our government, and our Nation itself. Democrats should be ashamed of themselves for allowing this to happen to our Country. The CIA must get involved, NOW, before it is too late. The USA is breaking down - A violent erosion of Safety, National Security, and Democracy is taking place all across our Nation. Only strength and powerful leadership will stop it. See you on January 20th. MAKE AMERICA GREAT AGAIN!",, ,no longer populated,,2025-01-03T05:22:11.000Z,post data removed,,435641,64251,33451,71033330,,,
402395511,https://twitter.com/realDonaldTrump/status/1875049915367235899,,Twitter,14001198,Donald J. Trump,blank_for_now,blank_for_now,"{""follower_count"":105431226,""following_count"":53,""like_count"":null,""post_count"":59771,""views_count"":null,""comment_count"":null,""share_count"":null}","With the Biden ‚ÄúOpen Border‚Äôs Policy‚Äù I said, many times during Rallies, and elsewhere, that Radical Islamic Terrorism, and other forms of violent crime, will become so bad in America that it will become hard to even imagine or believe. That time has come, only worse than ever imagined. Joe Biden is the WORST PRESIDENT IN THE HISTORY OF AMERICA, A COMPLETE AND TOTAL DISASTER. What he and his group of Election Interfering ‚Äúthugs‚Äù have done to our Country will not soon be forgotten! MAGA",, ,no longer populated,,2025-01-03T05:21:51.000Z,post data removed,,244360,40733,14467,54869707,,,
402378982,https://twitter.com/realDonaldTrump/status/1875049777186136481,,Twitter,14001198,Donald J. Trump,blank_for_now,blank_for_now,"{""follower_count"":105412607,""following_count"":53,""like_count"":null,""post_count"":59771,""views_count"":null,""comment_count"":null,""share_count"":null}","The Tariffs, and Tariffs alone, created this vast wealth for our Country. Then we switched over to Income Tax. We were never so wealthy as during this period. Tariffs will pay off our debt and, MAKE AMERICA WEALTHY AGAIN!",, ,no longer populated,"This is a really remarkable chart of tariffs as % of total federal revenue. The Second Industrial Revolution, perhaps the most fertile era for technology development and deployment in human history, was 1870-1914. https://t.co/nn0zt1QVjT",2025-01-03T05:21:18.000Z,post data removed,,143982,28411,13538,50138328,,"This is a really remarkable chart of tariffs as % of total federal revenue. The Second Industrial Revolution, perhaps the most fertile era for technology development and deployment in human history, was 1870-1914. https://t.co/nn0zt1QVjT",