index,PostId,PostUrl,PostEngagement,Platform,ChannelID,ChannelName,ChannelUid,ChannelUrl,ChannelEngagement,post_body_text,post_type_true_label,GoogleAudioText,VoskAudioText,EmbeddedContentText,published_at,post_data,post_media_urls,LikesCount,SharesCount,CommentsCount,ViewsCount,post_media_file,embedded_post_text,search_data,post_type_pred
0,528452546,https://twitter.com/realDonaldTrump/status/1928797140408533377,,Twitter,14001198,Donald J. Trump,blank_for_now,blank_for_now,"{""follower_count"":105433744,""following_count"":53,""like_count"":null,""post_count"":59771,""views_count"":null,""comment_count"":null,""share_count"":null}",https://t.co/ttc8fsXNVF,multimedia, ,no longer populated,,2025-05-31T12:54:08.000Z,post data removed,https://www.junkipedia.org/rails/active_storage/blobs/redirect/eyJfcmFpbHMiOnsibWVzc2FnZSI6IkJBaHBCRi9WVFQ4PSIsImV4cCI6bnVsbCwicHVyIjoiYmxvYl9pZCJ9fQ==--ecc0a6a1666ee9623328d7f0f2338f959bdcba91/post-14001198-528452546-thumbnail,374413,52340,18280,13598142,,,,multimedia
1,524629281,https://twitter.com/realDonaldTrump/status/1927090010353721796,,Twitter,14001198,Donald J. Trump,blank_for_now,blank_for_now,"{""follower_count"":105433386,""following_count"":53,""like_count"":null,""post_count"":59771,""views_count"":null,""comment_count"":null,""share_count"":null}",https://t.co/b19JtrkCiS,multimedia, ,no longer populated,,2025-05-26T19:50:36.000Z,post data removed,https://www.junkipedia.org/rails/active_storage/blobs/redirect/eyJfcmFpbHMiOnsibWVzc2FnZSI6IkJBaHBCUCtGeno0PSIsImV4cCI6bnVsbCwicHVyIjoiYmxvYl9pZCJ9fQ==--c0c6382c3af69372347c13abedc74763b7f97232/post-14001198-524629281-thumbnail,328895,46401,21163,30490858,,,,multimedia
2,522872445,https://twitter.com/realDonaldTrump/status/1926281665929691590,,Twitter,14001198,Donald J. Trump,blank_for_now,blank_for_now,"{""follower_count"":105429848,""following_count"":53,""like_count"":null,""post_count"":59771,""views_count"":null,""comment_count"":null,""share_count"":null}",https://t.co/ymnea3Wf69,multimedia, ,no longer populated,,2025-05-24T14:18:32.000Z,post data removed,,120723,21960,12400,34815923,,,,multimedia
3,520771899,https://twitter.com/realDonaldTrump/status/1925548216243703820,,Twitter,14001198,Donald J. Trump,blank_for_now,blank_for_now,"{""follower_count"":105430891,""following_count"":53,""like_count"":null,""post_count"":59771,""views_count"":null,""comment_count"":null,""share_count"":null}","‚ÄúTHE ONE, BIG, BEAUTIFUL BILL‚Äù has PASSED the House of Representatives! This is arguably the most significant piece of Legislation that will ever be signed in the History of our Country! The Bill includes MASSIVE Tax CUTS, No Tax on Tips, No Tax on Overtime, Tax Deductions when you purchase an American Made Vehicle, along with strong Border Security measures, Pay Raises for our ICE and Border Patrol Agents, Funding for the Golden Dome, ‚ÄúTRUMP Savings Accounts‚Äù for newborn babies, and much more! Great job by Speaker Mike Johnson, and the House Leadership, and thank you to every Republican who voted YES on this Historic Bill! Now, it‚Äôs time for our friends in the United States Senate to get to work, and send this Bill to my desk AS SOON AS POSSIBLE! There is no time to waste. The Democrats have lost control of themselves, and are aimlessly wandering around, showing no confidence, grit, or determination. They have forgotten their landslide loss in the Presidential Election, and are warped in the past, hoping someday to revive Open Borders for the World‚Äôs criminals to be able to pour into our Country, men to be able to play in women‚Äôs sports, and transgender for everybody. They don‚Äôt realize that these things, and so many more like them, will NEVER AGAIN happen!",text, ,no longer populated,,2025-05-22T13:44:04.000Z,post data removed,,360624,57659,39828,52727374,,,,both
4,519932850,https://twitter.com/realDonaldTrump/status/1925201677914603580,,Twitter,14001198,Donald J. Trump,blank_for_now,blank_for_now,"{""follower_count"":105421518,""following_count"":53,""like_count"":null,""post_count"":59771,""views_count"":null,""comment_count"":null,""share_count"":null}",https://t.co/ZuagVWL4KS,multimedia, ,no longer populated,,2025-05-21T14:47:03.000Z,post data removed,https://www.junkipedia.org/rails/active_storage/blobs/redirect/eyJfcmFpbHMiOnsibWVzc2FnZSI6IkJBaHBCSDZkTEQ0PSIsImV4cCI6bnVsbCwicHVyIjoiYmxvYl9pZCJ9fQ==--3f4fb9191100c9f6b694f5478b3121d933b31c0c/post-14001198-519932850-thumbnail,564321,71124,43222,81481354,,,,multimedia
5,518404723,https://twitter.com/realDonaldTrump/status/1924523182909747657,,Twitter,14001198,Donald J. Trump,blank_for_now,blank_for_now,"{""follower_count"":105425379,""following_count"":53,""like_count"":null,""post_count"":59771,""views_count"":null,""comment_count"":null,""share_count"":null}",https://t.co/q5CPyHZkLD,multimedia, ,no longer populated,,2025-05-19T17:50:57.000Z,post data removed,https://www.junkipedia.org/rails/active_storage/blobs/redirect/eyJfcmFpbHMiOnsibWVzc2FnZSI6IkJBaHBCQUNKL0QwPSIsImV4cCI6bnVsbCwicHVyIjoiYmxvYl9pZCJ9fQ==--13f894e05b3c4c7639eb5cbc38d12edb4665e986/post-14001198-518404723-thumbnail,482757,68100,39372,58495269,,,,multimedia
6,517096897,https://twitter.com/realDonaldTrump/status/1923793436068487574,,Twitter,14001198,Donald J. Trump,blank_for_now,blank_for_now,"{""follower_count"":105419130,""following_count"":53,""like_count"":null,""post_count"":59771,""views_count"":null,""comment_count"":null,""share_count"":null}",üá¶üá™üá∫üá∏ https://t.co/7fRFm4zCL5,both, ,no longer populated,,2025-05-17T17:31:12.000Z,post data removed,https://www.junkipedia.org/rails/active_storage/blobs/redirect/eyJfcmFpbHMiOnsibWVzc2FnZSI6IkJBaHBCT2tiMEQwPSIsImV4cCI6bnVsbCwicHVyIjoiYmxvYl9pZCJ9fQ==--66292c135a5e7f3dc2d5651e78b8e2bcf9b5df1b/post-14001198-517096897-thumbnail,196268,27917,14132,36029191,,,,multimedia
7,517096863,https://twitter.com/realDonaldTrump/status/1923793069138178293,,Twitter,14001198,Donald J. Trump,blank_for_now,blank_for_now,"{""follower_count"":105419130,""following_count"":53,""like_count"":null,""post_count"":59771,""views_count"":null,""comment_count"":null,""share_count"":null}",üá∂üá¶üá∫üá∏ https://t.co/v1NwTQPWLO,both, ,no longer populated,,2025-05-17T17:29:44.000Z,post data removed,https://www.junkipedia.org/rails/active_storage/blobs/redirect/eyJfcmFpbHMiOnsibWVzc2FnZSI6IkJBaHBCSzRiMEQwPSIsImV4cCI6bnVsbCwicHVyIjoiYmxvYl9pZCJ9fQ==--fe435209f4be29de14f4f8ffcaf5a16e1cf846ab/post-14001198-517096863-thumbnail,332928,46557,14907,52434430,,,,multimedia
8,517096839,https://twitter.com/realDonaldTrump/status/1923792625028497464,,Twitter,14001198,Donald J. Trump,blank_for_now,blank_for_now,"{""follower_count"":105432874,""following_count"":53,""like_count"":null,""post_count"":59771,""views_count"":null,""comment_count"":null,""share_count"":null}",üá∏üá¶üá∫üá∏ https://t.co/i5cRnVmaFv,both, ,no longer populated,,2025-05-17T17:27:58.000Z,post data removed,https://www.junkipedia.org/rails/active_storage/blobs/redirect/eyJfcmFpbHMiOnsibWVzc2FnZSI6IkJBaHBCSUliMEQwPSIsImV4cCI6bnVsbCwicHVyIjoiYmxvYl9pZCJ9fQ==--5e16e61f42d746f71ee8404d60cf12c3c3727a17/post-14001198-517096839-thumbnail,339414,49684,12587,47706426,,,,multimedia
9,516224256,https://twitter.com/realDonaldTrump/status/1923432648103333919,,Twitter,14001198,Donald J. Trump,blank_for_now,blank_for_now,"{""follower_count"":105431699,""following_count"":53,""like_count"":null,""post_count"":59771,""views_count"":null,""comment_count"":null,""share_count"":null}","THE SUPREME COURT IS BEING PLAYED BY THE RADICAL LEFT LOSERS, WHO HAVE NO SUPPORT, THE PUBLIC HATES THEM, AND THEIR ONLY HOPE IS THE INTIMIDATION OF THE COURT, ITSELF. WE CAN‚ÄôT LET THAT HAPPEN TO OUR COUNTRY!",text, ,no longer populated,,2025-05-16T17:37:33.000Z,post data removed,,338502,53140,33299,50561696,,,,text
10,516211192,https://twitter.com/realDonaldTrump/status/1923427418913616200,,Twitter,14001198,Donald J. Trump,blank_for_now,blank_for_now,"{""follower_count"":105427511,""following_count"":53,""like_count"":null,""post_count"":59771,""views_count"":null,""comment_count"":null,""share_count"":null}","Republicans MUST UNITE behind, ‚ÄúTHE ONE, BIG BEAUTIFUL BILL!‚Äù Not only does it cut Taxes for ALL Americans, but it will kick millions of Illegal Aliens off of Medicaid to PROTECT it for those who are the ones in real need. The Country will suffer greatly without this Legislation, with their Taxes going up 65%. It will be blamed on the Democrats, but that doesn‚Äôt help our Voters. We don‚Äôt need ‚ÄúGRANDSTANDERS‚Äù in the Republican Party. STOP TALKING, AND GET IT DONE! It is time to fix the MESS that Biden and the Democrats gave us. Thank you for your attention to this matter!",text, ,no longer populated,,2025-05-16T17:16:46.000Z,post data removed,,243838,43266,19294,35295068,,,,both
11,513601932,https://twitter.com/realDonaldTrump/status/1922347924987474196,,Twitter,14001198,Donald J. Trump,blank_for_now,blank_for_now,"{""follower_count"":105419130,""following_count"":53,""like_count"":null,""post_count"":59771,""views_count"":null,""comment_count"":null,""share_count"":null}",https://t.co/DskIpIscnd,multimedia, ,no longer populated,,2025-05-13T17:47:15.000Z,post data removed,,151549,31086,16052,31833601,,,,multimedia
12,512311644,https://twitter.com/realDonaldTrump/status/1921911904429088892,,Twitter,14001198,Donald J. Trump,blank_for_now,blank_for_now,"{""follower_count"":105419130,""following_count"":53,""like_count"":null,""post_count"":59771,""views_count"":null,""comment_count"":null,""share_count"":null}",https://t.co/9uLRtPVKpp,multimedia, ,no longer populated,,2025-05-12T12:54:40.000Z,post data removed,https://www.junkipedia.org/rails/active_storage/blobs/redirect/eyJfcmFpbHMiOnsibWVzc2FnZSI6IkJBaHBCSXQyUUQwPSIsImV4cCI6bnVsbCwicHVyIjoiYmxvYl9pZCJ9fQ==--03997a7bff4c871648f0a9ab5c597b28e11b1c71/post-14001198-512311644-thumbnail,464665,57972,27991,939639,,,,multimedia
13,512311652,https://twitter.com/realDonaldTrump/status/1921911844026954234,,Twitter,14001198,Donald J. Trump,blank_for_now,blank_for_now,"{""follower_count"":105424747,""following_count"":53,""like_count"":null,""post_count"":59771,""views_count"":null,""comment_count"":null,""share_count"":null}",https://t.co/1Y5vg9zbEx,multimedia, ,no longer populated,,2025-05-12T12:54:25.000Z,post data removed,https://www.junkipedia.org/rails/active_storage/blobs/redirect/eyJfcmFpbHMiOnsibWVzc2FnZSI6IkJBaHBCSmgyUUQwPSIsImV4cCI6bnVsbCwicHVyIjoiYmxvYl9pZCJ9fQ==--2f3a8bbf6583272ed989868ad118050bdfddb3f1/post-14001198-512311652-thumbnail,289738,41489,27435,51623255,,,,multimedia
14,511840058,https://twitter.com/realDonaldTrump/status/1921699954696855934,,Twitter,14001198,Donald J. Trump,blank_for_now,blank_for_now,"{""follower_count"":105419130,""following_count"":53,""like_count"":null,""post_count"":59771,""views_count"":null,""comment_count"":null,""share_count"":null}",https://t.co/ifaRjPPHvv,multimedia, ,no longer populated,,2025-05-11T22:52:27.000Z,post data removed,https://www.junkipedia.org/rails/active_storage/blobs/redirect/eyJfcmFpbHMiOnsibWVzc2FnZSI6IkJBaHBCQm0yTWowPSIsImV4cCI6bnVsbCwicHVyIjoiYmxvYl9pZCJ9fQ==--afd9fe58e4c797d4eac045d75d17ff7726947e8e/post-14001198-511840058-thumbnail,368191,46087,17345,48250793,,,,multimedia
16,510259861,https://twitter.com/realDonaldTrump/status/1921008311492624867,,Twitter,14001198,Donald J. Trump,blank_for_now,blank_for_now,"{""follower_count"":105430837,""following_count"":53,""like_count"":null,""post_count"":59771,""views_count"":null,""comment_count"":null,""share_count"":null}","Today, I signed an Executive Order to launch the first-ever self-deportation program. Illegal aliens who stay in America face punishments, including‚Äîsudden deportation, in a place and manner solely of our discretion. TO ALL ILLEGAL ALIENS: BOOK YOUR FREE FLIGHT RIGHT NOW! https://t.co/LO4eyfhZOq",both, ,no longer populated,,2025-05-10T01:04:06.000Z,post data removed,https://www.junkipedia.org/rails/active_storage/blobs/redirect/eyJfcmFpbHMiOnsibWVzc2FnZSI6IkJBaHBCSzVYQWowPSIsImV4cCI6bnVsbCwicHVyIjoiYmxvYl9pZCJ9fQ==--4aca42bb6e974aa71f66df48116d378872020997/post-14001198-510259861-thumbnail,492126,75653,30406,72240569,,,,both
17,509261860,https://twitter.com/realDonaldTrump/status/1920670100987740317,,Twitter,14001198,Donald J. Trump,blank_for_now,blank_for_now,"{""follower_count"":105419130,""following_count"":53,""like_count"":null,""post_count"":59771,""views_count"":null,""comment_count"":null,""share_count"":null}",üá∫üá∏üá¨üáß https://t.co/rGKLly0JtS,multimedia, ,no longer populated,,2025-05-09T02:40:11.000Z,post data removed,https://www.junkipedia.org/rails/active_storage/blobs/redirect/eyJfcmFpbHMiOnsibWVzc2FnZSI6IkJBaHBCR3p5NUR3PSIsImV4cCI6bnVsbCwicHVyIjoiYmxvYl9pZCJ9fQ==--744e832023951b03b6aa40f6338f11a7f0e89abd/post-14001198-509261860-thumbnail,297307,35848,13773,49849319,,,,multimedia
19,508722986,https://twitter.com/realDonaldTrump/status/1920412577470795798,,Twitter,14001198,Donald J. Trump,blank_for_now,blank_for_now,"{""follower_count"":105419130,""following_count"":53,""like_count"":null,""post_count"":59771,""views_count"":null,""comment_count"":null,""share_count"":null}",RT @nypost: Democratic Rep. Jasmine Crockett accused of ‚Äòabusing her power‚Äô at airport after she cut passengers in wheelchairs https://t.co‚Ä¶,both, ,no longer populated,Democratic Rep. Jasmine Crockett accused of ‚Äòabusing her power‚Äô at airport after she cut passengers in wheelchairs https://t.co/b3dlA5LVIS https://t.co/R7kPGl7FWY,2025-05-08T09:36:52.000Z,post data removed,,0,5276,0,1033,,Democratic Rep. Jasmine Crockett accused of ‚Äòabusing her power‚Äô at airport after she cut passengers in wheelchairs https://t.co/b3dlA5LVIS https://t.co/R7kPGl7FWY,,both
22,506121897,https://twitter.com/realDonaldTrump/status/1919420490663288913,,Twitter,14001198,Donald J. Trump,blank_for_now,blank_for_now,"{""follower_count"":105411276,""following_count"":53,""like_count"":null,""post_count"":59771,""views_count"":null,""comment_count"":null,""share_count"":null}","This was so wonderful, 9 years ago today!",text, ,no longer populated,Happy #CincoDeMayo! The best taco bowls are made in Trump Tower Grill. I love Hispanics! https://t.co/ufoTeQd8yA https://t.co/k01Mc6CuDI,2025-05-05T15:54:40.000Z,post data removed,,376798,32086,17143,69747236,,Happy #CincoDeMayo! The best taco bowls are made in Trump Tower Grill. I love Hispanics! https://t.co/ufoTeQd8yA https://t.co/k01Mc6CuDI,,text
25,506079262,https://twitter.com/realDonaldTrump/status/1919396921593958754,,Twitter,14001198,Donald J. Trump,blank_for_now,blank_for_now,"{""follower_count"":105419259,""following_count"":53,""like_count"":null,""post_count"":59771,""views_count"":null,""comment_count"":null,""share_count"":null}","The Democrats are really out of control. They have lost everything, especially their minds! These Radical Left Lunatics are into the ‚ÄúImpeachment thing‚Äù again. They have already got two ‚ÄúNo Name,‚Äù little respected Congressmen, total Whackjobs both, throwing the ‚ÄúImpeachment‚Äù of DONALD J. TRUMP around, for about the 20th time, even though they have no idea for what I would be Impeached. Maybe it should be for cleaning up the MESS that they left us on the Border, or the Highest Inflation in our Country‚Äôs History or, perhaps, it should be the incompetent Withdrawal from Afghanistan, or Russia, Russia, Russia/Ukraine, Ukraine, Ukraine, or the Attack of Israel on October 7th that only proceeded because they allowed Iran to regain Great Wealth. These Congressmen stated that, they didn‚Äôt know why they would Impeach me but, ‚ÄúWe just want to do it.‚Äù The Republicans should start to think about expelling them from Congress for all of the crimes that they have committed, especially around Election time(s). These are very dishonest people that won‚Äôt let our Country heal! Why do we allow them to continuously use Impeachment as a weapon against the President of the United States who, by all accounts, is working hard to SAVE OUR COUNTRY. It‚Äôs the same playbook that they used in my First Term, and Republicans are not going to allow them to get away with it again. These are total LOWLIFES, who hate our Country, and everything it stands for. Perhaps we should start playing this game on them, and expel Democrats for the many crimes that they have committed ‚Äî And these are REAL crimes. Remember, ‚ÄúShifty‚Äù Adam Schiff demanded a Pardon, and they had to use the power of the Auto Pen, and a Full Pardon, for him and the Unselect Committee of Political Thugs, to save them from Expulsion, and probably worse!",text, ,no longer populated,,2025-05-05T14:21:01.000Z,post data removed,,216504,36707,18654,36473107,,,,both
26,506088663,https://twitter.com/realDonaldTrump/status/1919395973802897676,,Twitter,14001198,Donald J. Trump,blank_for_now,blank_for_now,"{""follower_count"":105420105,""following_count"":53,""like_count"":null,""post_count"":59771,""views_count"":null,""comment_count"":null,""share_count"":null}","REBUILD, AND OPEN ALCATRAZ! For too long, America has been plagued by vicious, violent, and repeat Criminal Offenders, the dregs of society, who will never contribute anything other than Misery and Suffering. When we were a more serious Nation, in times past, we did not hesitate to lock up the most dangerous criminals, and keep them far away from anyone they could harm. That‚Äôs the way it‚Äôs supposed to be. No longer will we tolerate these Serial Offenders who spread filth, bloodshed, and mayhem on our streets. That is why, today, I am directing the Bureau of Prisons, together with the Department of Justice, FBI, and Homeland Security, to reopen a substantially enlarged and rebuilt ALCATRAZ, to house America‚Äôs most ruthless and violent Offenders. We will no longer be held hostage to criminals, thugs, and Judges that are afraid to do their job and allow us to remove criminals, who came into our Country illegally. The reopening of ALCATRAZ will serve as a symbol of Law, Order, and JUSTICE. We will, MAKE AMERICA GREAT AGAIN!",text, ,no longer populated,,2025-05-05T14:17:15.000Z,post data removed,https://www.junkipedia.org/rails/active_storage/blobs/redirect/eyJfcmFpbHMiOnsibWVzc2FnZSI6IkJBaHBCTVFnaER3PSIsImV4cCI6bnVsbCwicHVyIjoiYmxvYl9pZCJ9fQ==--4efd821c9ef31ffc71ae350074a2a242a2271bad/post-14001198-506088663-thumbnail,259968,41949,24843,34185380,,,,text
30,499055758,https://twitter.com/realDonaldTrump/status/1916861996021989540,,Twitter,14001198,Donald J. Trump,blank_for_now,blank_for_now,"{""follower_count"":105387307,""following_count"":53,""like_count"":null,""post_count"":59770,""views_count"":null,""comment_count"":null,""share_count"":null}","Join me tomorrow, April 29th‚Äîin Warren, Michigan at 6:00PM Eastern! https://t.co/TptdFccVat",both, ,no longer populated,,2025-04-28T14:28:08.000Z,post data removed,https://www.junkipedia.org/rails/active_storage/blobs/redirect/eyJfcmFpbHMiOnsibWVzc2FnZSI6IkJBaHBCQXFPbkRzPSIsImV4cCI6bnVsbCwicHVyIjoiYmxvYl9pZCJ9fQ==--e96da22dd3d3c86a821744eff7ce4a862e23872c/post-14001198-499055758-thumbnail,116472,22147,18896,34996423,,,,both
31,495797930,https://twitter.com/realDonaldTrump/status/1915192938537111835,,Twitter,14001198,Donald J. Trump,blank_for_now,blank_for_now,"{""follower_count"":104802747,""following_count"":53,""like_count"":null,""post_count"":59759,""views_count"":null,""comment_count"":null,""share_count"":null}",RT @johnrich: A conversation about online child predators with Homeland Security and John Rich: PLS Repost! https://t.co/zChy4K5HQU,both, ,no longer populated,A conversation about online child predators with Homeland Security and John Rich: PLS Repost! https://t.co/zChy4K5HQU,2025-04-23T23:55:53.000Z,post data removed,,0,10596,0,358,,A conversation about online child predators with Homeland Security and John Rich: PLS Repost! https://t.co/zChy4K5HQU,,multimedia
32,490186571,https://twitter.com/realDonaldTrump/status/1913359413215142354,,Twitter,14001198,Donald J. Trump,blank_for_now,blank_for_now,"{""follower_count"":105394203,""following_count"":53,""like_count"":null,""post_count"":59770,""views_count"":null,""comment_count"":null,""share_count"":null}","Sleepy Joe Biden, THE WORST PRESIDENT IN THE HISTORY OF THE UNITED STATES, has allowed millions and millions of Criminals, many of them murderers, drug dealers, and people released from prisons and mental institutions from all around the world, to enter our Country through it‚Äôs very dangerous and ill conceived Open Border. Sorry, but it‚Äôs my job to get these killers and thugs out of here. THAT‚ÄôS WHAT I GOT ELECTED TO DO. MAGA!",text, ,no longer populated,,2025-04-18T22:30:07.000Z,post data removed,,390468,56888,60242,76186127,,,,text
33,490143158,https://twitter.com/realDonaldTrump/status/1913359035132158083,,Twitter,14001198,Donald J. Trump,blank_for_now,blank_for_now,"{""follower_count"":105404096,""following_count"":53,""like_count"":null,""post_count"":59771,""views_count"":null,""comment_count"":null,""share_count"":null}","Following my Day One Executive Order, the Office of Personnel Management will be issuing new Civil Service Regulations for career government employees. Moving forward, career government employees, working on policy matters, will be classified as ‚ÄúSchedule Policy/Career,‚Äù and will be held to the highest standards of conduct and performance. If these government workers refuse to advance the policy interests of the President, or are engaging in corrupt behavior, they should no longer have a job. This is common sense, and will allow the federal government to finally be ‚Äúrun like a business.‚Äù We must root out corruption and implement accountability in our Federal Workforce!",text, ,no longer populated,,2025-04-18T22:28:37.000Z,post data removed,,203324,34929,17682,49106214,,,,text
34,490119049,https://twitter.com/realDonaldTrump/status/1913358867708493982,,Twitter,14001198,Donald J. Trump,blank_for_now,blank_for_now,"{""follower_count"":105426850,""following_count"":53,""like_count"":null,""post_count"":59771,""views_count"":null,""comment_count"":null,""share_count"":null}","This is the hand of the man that the Democrats feel should be brought back to the United States, because he is such ‚Äúa fine and innocent person.‚Äù They said he is not a member of MS-13, even though he‚Äôs got MS-13 tattooed onto his knuckles, and two Highly Respected Courts found that he was a member of MS-13, beat up his wife, etc. I was elected to take bad people out of the United States, among other things. I must be allowed to do my job. MAKE AMERICA GREAT AGAIN!",text, ,no longer populated,,2025-04-18T22:27:57.000Z,post data removed,https://www.junkipedia.org/rails/active_storage/blobs/redirect/eyJfcmFpbHMiOnsibWVzc2FnZSI6IkJBaHBCTWlHZXpvPSIsImV4cCI6bnVsbCwicHVyIjoiYmxvYl9pZCJ9fQ==--77d98ba96ed8c3c40587b165382e2c50ed726da4/post-14001198-490119049-thumbnail,494509,82065,41177,80227822,,,,both
36,479993920,https://twitter.com/realDonaldTrump/status/1909258878035828788,,Twitter,14001198,Donald J. Trump,blank_for_now,blank_for_now,"{""follower_count"":105416061,""following_count"":53,""like_count"":null,""post_count"":59771,""views_count"":null,""comment_count"":null,""share_count"":null}","The United States has a chance to do something that should have been done DECADES AGO. Don‚Äôt be Weak! Don‚Äôt be Stupid! Don‚Äôt be a PANICAN (A new party based on Weak and Stupid people!). Be Strong, Courageous, and Patient, and GREATNESS will be the result!",text, ,no longer populated,,2025-04-07T14:56:03.000Z,post data removed,,506263,73193,69281,94085571,,,,text
38,477747981,https://twitter.com/realDonaldTrump/status/1908300360810479821,,Twitter,14001198,Donald J. Trump,blank_for_now,blank_for_now,"{""follower_count"":105420105,""following_count"":53,""like_count"":null,""post_count"":59771,""views_count"":null,""comment_count"":null,""share_count"":null}","These Houthis gathered for instructions on an attack. Oops, there will be no attack by these Houthis!¬†

They will never sink our ships again! https://t.co/lEzfyDgWP5",both, ,no longer populated,,2025-04-04T23:27:15.000Z,post data removed,https://www.junkipedia.org/rails/active_storage/blobs/redirect/eyJfcmFpbHMiOnsibWVzc2FnZSI6IkJBaHBCREFwdnprPSIsImV4cCI6bnVsbCwicHVyIjoiYmxvYl9pZCJ9fQ==--f53b05e0515e1c6455d306744bed4c1f28f77e03/post-14001198-477747981-thumbnail,478719,62039,73357,140218023,,,,both
49,471933685,https://twitter.com/realDonaldTrump/status/1906700623615078744,,Twitter,14001198,Donald J. Trump,blank_for_now,blank_for_now,"{""follower_count"":105414257,""following_count"":53,""like_count"":null,""post_count"":59771,""views_count"":null,""comment_count"":null,""share_count"":null}","America First Patriot Randy Fine is running to represent the Wonderful People of Florida‚Äôs 6th Congressional District! A highly successful, Harvard educated businessman, and greatly respected State Legislator, Randy has been a tremendous Voice for MAGA. In Congress, Randy will be an incredible fighter, who will work tirelessly with me to Strengthen our Economy, Lower Taxes, Secure the Border, Champion our Military/Vets, Ensure American Energy DOMINANCE, Protect our always under siege Second Amendment, and Advance PEACE THROUGH STRENGTH.
¬†
Randy Fine has my Complete and Total Endorsement! Election Day is this Tuesday, April 1st. GET OUT AND VOTE FOR RANDY ‚Äî¬†HE WILL NOT LET YOU DOWN! https://t.co/3Bnn5ZweH2",both, ,no longer populated,,2025-03-31T13:30:28.000Z,post data removed,,104918,21204,10100,64007987,,,,both
50,472118044,https://twitter.com/realDonaldTrump/status/1906700533240680783,,Twitter,14001198,Donald J. Trump,blank_for_now,blank_for_now,"{""follower_count"":105406063,""following_count"":53,""like_count"":null,""post_count"":59771,""views_count"":null,""comment_count"":null,""share_count"":null}","Jimmy Patronis, Chief Financial Officer and Fire Marshall for the Great State of Florida, is running an incredible Campaign for Congress in Florida‚Äôs 1st Congressional District! A fourth generation Floridian from the beautiful Panhandle, and owner of an iconic seafood restaurant, Jimmy has been a wonderful friend to me, and to MAGA. As your next Congressman, Jimmy will fight hard alongside of me to Grow our Economy, Cut Taxes, Secure our Border, Stop Migrant Crime, Strengthen our Brave Military/Vets, Restore American Energy DOMINANCE, and Defend our always under siege Second Amendment.
¬†
Florida, Election Day is this Tuesday, April 1st. GET OUT AND VOTE FOR JIMMY PATRONIS. Jimmy has my Complete and Total Endorsement ‚Äî¬†HE WILL NEVER LET YOU DOWN! https://t.co/xP3nBIgOep",both, ,no longer populated,,2025-03-31T13:30:06.000Z,post data removed,,91869,18830,3239,28901522,,,,both
